cod_ibge;municipio;tipo_estabelecimento;tipo_relacao;cruz_cnpj;razao_social;empresa_condec;programa_condec;vinculos_rais;na_rais;na_condec;Latitude;Longitude;Query_Geocodificacao;Status_Geocodificacao
2304400;Fortaleza;matriz;filial_mesma_raiz;48785000172;INDAIA BRASIL AGUAS MINERAIS LTDA;;;85;sim;nao;-3,739272;-38,539073;PRACA DA IMPRENSA CHANCELER EDSON QUEIROZ, S/N, DIONISIO TORRES, Fortaleza, 60135-690, Brasil;ok
2304400;Fortaleza;filial;filial_mesma_raiz;48785000334;INDAIA BRASIL AGUAS MINERAIS LTDA;;;2;sim;nao;-3,800769;-38,454141;RUA ANTONIO NOGUEIRA, 271, 278, LAGOA REDONDA, Fortaleza, 60836-095, Brasil;ok
2305233;Horizonte;filial;protocolo_na_rais;48785002892;INDAIA BRASIL AGUAS MINERAIS LTDA;INDAIA BRASIL AGUAS MINERAIS LTDA;PROVIN;236;sim;sim;-4,06535;-38,43112;RUA CELSO SILVA ASSUNCAO, 14200, TANQUES, Horizonte, 62883-670, Brasil;ok
2307700;Maranguape;matriz;protocolo_na_rais;153282000167;CESDE INDUSTRIA E COMERCIO DE ELETRODOMESTICOS LTDA;CESDE INDUSTRIA E COMERCIO DE ELETRODOMESTICOS LTDA;PROVIN;395;sim;sim;-3,8828;-38,6811;AVENIDA COMANDANTE AVIADOR CHILDERICO MOTTA, 3599, GALPAOA, COITE, Maranguape, 61946-345, Brasil;falha
2307700;Maranguape;filial;protocolo_sem_rais;153282001058;CESDE INDUSTRIA E COMERCIO DE ELETRODOMESTICOS LTDA;CESDE INDUSTRIA E COMERCIO DE ELETRODOMESTICOS LTDA;PCDM;0;nao;sim;-3,8828;-38,6811;AVENIDA COMANDANTE AVIADOR CHILDERICO MOTTA, 3599, GALPAOB, COITE, Maranguape, 61946-345, Brasil;falha
2309607;Pacajus;matriz;protocolo_na_rais;310707000102;RIGESA DO NORDESTE SA;WESTROCK DO NORDESTE INDÚSTRIA DE EMBALAGENS LTDA;PROVIN;1;sim;sim;;;;ignorado_endereco_insuficiente
2301109;Aracati;filial;protocolo_na_rais;435078000210;J.F. DA CUNHA INDUSTRIA E COMERCIO DE CALCADOS LTDA;J.F. DA CUNHA INDUSTRIA E COMERCIO DE CALCADOS LTDA;PROVIN;176;sim;sim;-4,573047;-37,775986;RUA MIGUEL DE CARVALHO, 215, GALPAO1, FARIAS BRITO, Aracati, 62800-000, Brasil;ok
2311801;Russas;matriz;protocolo_na_rais;465813000157;DAKOTA;DAKOTA NORDESTE S/A;PROADE;2038;sim;sim;-4,9181876;-37,9905624;AVENIDA CORONEL ANTONIO CORDEIRO, 1001, TABULEIRO DO CATAVENTO, Russas, 62903-640, Brasil;ok
2305506;Iguatu;filial;protocolo_na_rais;465813000238;DAKOTA NORDESTE S/A;DAKOTA NORDESTE S/A;PROADE;1060;sim;sim;-6,393803;-39,408064;ESTRADA DO SITIO BAU, 1600, BAIRRO COHAB III, Iguatu, 63500-005, Brasil;ok
2307700;Maranguape;filial;protocolo_na_rais;465813000319;DAKOTA NORDESTE S/A;DAKOTA NORDESTE S/A;PROADE;1317;sim;sim;-3,899288;-38,6784019;RUA CONEGO HEITOR VIEIRA CAVALCANTE, 300, BAIRRO TANGUEIRA, Maranguape, 61940-005, Brasil;ok
2311306;Quixadá;filial;protocolo_na_rais;465813000580;DAKOTA NORDESTE S/A;DAKOTA NORDESTE S/A FILIAL 4;PROADE;548;sim;sim;-4,97384;-39,018641;TRAVESSA JOSE CAPISTRANO FILHO, 429, CURICACA, Quixadá, 63902-875, Brasil;ok
2313807;Uruburetama;filial;protocolo_na_rais;794161001508;ZZSAP INDUSTRIA E COMERCIO DE CALCADOS LTDA;ZZSAP INDÚSTRIA E COMÉRCIO DE CALÇADOS LTDA;PROADE;1079;sim;sim;-3,618695;-39,510848;ESTRADA DO CAPEBA, 220, PAVLH 2, UBATUBA, Uruburetama, 62650-000, Brasil;ok
2313559;Tururu;filial;filial_mesma_raiz;794161001680;ZZSAP INDUSTRIA E COMERCIO DE CALCADOS LTDA;;;158;sim;nao;-3,596455;-39,439441;AVENIDA JOAO DO PATRICIO, 716, CENTRO, Tururu, 62655-000, Brasil;ok
2305233;Horizonte;matriz;protocolo_na_rais;954394000117;VULCABRAS DO NORDESTE;VULCABRÁS - CE, CALÇADOS E ARTIGOS ESPORTIVOS S.A.;PROVIN;14497;sim;sim;-4,1073242;-38,4923328;AVENIDA PRESIDENTE CASTELO BRANCO, 6847, DISTRITO INDUSTRIAL, Horizonte, 62884-790, Brasil;ok
2305233;Horizonte;filial;filial_mesma_raiz;954394000974;VULCABRAS - CE, CALCADOS E ARTIGOS ESPORTIVOS S/A;;;13;sim;nao;-19,9532428;-44,0104411;AVENIDA PRESIDENTE CASTELO BRANCO, 6847, BLOCO X, DISTRITO INDUSTRIAL, Horizonte, 62884-790, Brasil;ok
2303709;Caucaia;matriz;protocolo_na_rais;990842000138;ACO CEARENSE INDUSTRIAL LTDA;AÇO CEARENSE INDUSTRIAL LTDA;PROADE;1637;sim;sim;-3,735001;-38,740057;RODOVIA ANTIGA BR 222, S/N, KM 19, GENIPABU, Caucaia, 61616-000, Brasil;ok
2303709;Caucaia;filial;protocolo_na_rais;990842000308;ACO CEARENSE INDUSTRIAL LTDA;AÇO CEARENSE INDUSTRIAL LTDA;PROADE;639;sim;sim;-3,716167;-38,667422;RODOVIA BR 222, S/N, KM 21, GENIPABU, Caucaia, 61616-000, Brasil;ok
2304400;Fortaleza;filial;protocolo_sem_rais;1135153001423;COMEXPORT TRADING COMERCIO EXTERIOR LTDA;COMEXPORT TRADING COMERCIO EXTERIOR LTDA;PCDM;0;nao;sim;-3,7282054;-38,5333384;RUA PEDRO PEREIRA, 905, SALA 202, CENTRO, Fortaleza, 60035-000, Brasil;ok
2307304;Juazeiro do Norte;matriz;protocolo_na_rais;1141531000167;PVC INDUSTRIA E COMERCIO DE PLASTICOS LTDA;PVC INDUSTRIA E COMERCIO DE PLASTICOS LTDA;PROVIN;323;sim;sim;-20,531071;-54,591827;RUA RUA DR FRANCISCO MONTEIRO, 1705, SAO JOSE, Juazeiro do Norte, 63041-010, Brasil;ok
2310852;Pindoretama;matriz;protocolo_na_rais;1280018000157;GIZ DELTA;DELTA INDUSTRIA E COMERCIO DE GIZ LTDA;PROVIN;9;sim;sim;-4,0224086;-38,3033509;RUA MARIO GONDIM, 220, CAPONGA FUNDA, Pindoretama, 62860-000, Brasil;ok
2304400;Fortaleza;filial;filial_mesma_raiz;1280018000238;DELTA INDUSTRIA E COMERCIO DE GIZ LTDA;;;2;sim;nao;-3,741396;-38,487329;"RUA DOUTOR GILBERTO STUDART, 55, SALA: 418 TORRE 2;, COCO, Fortaleza, 60192-105, Brasil";ok
2310852;Pindoretama;filial;filial_mesma_raiz;1280018000319;DELTA INDUSTRIA E COMERCIO DE GIZ LTDA;;;6;sim;nao;-4,025254;-38,302944;RUA 4, S/N, LOTE 06 AO 15 QUADRA03, PARQUE BELA VISTA, Pindoretama, 62860-000, Brasil;ok
2306405;Itapipoca;filial;protocolo_na_rais;1287588000250;DASS NORDESTE CALCADOS E ARTIGOS ESPORTIVOS S.A;DASS NORDESTE CALCADOS E ARTIGOS ESPORTIVOS S/A;PROVIN;3999;sim;sim;-3,489755;-39,56712;RUA DA UNIVERSIDADE, 406, MADALENA, Itapipoca, 62500-001, Brasil;ok
2306405;Itapipoca;filial;filial_mesma_raiz;1287588001302;DASS NORDESTE CALCADOS E ARTIGOS ESPORTIVOS S.A;;;272;sim;nao;-3,492939;-39,573556;COMUNIDADE MATINHAS, S/N, ASSUNCAO, Itapipoca, 62500-001, Brasil;ok
2304285;Eusébio;matriz;protocolo_na_rais;1397886000111;METALMECANICA MAIA LTDA;METALMECANICA MAIA LTDA;PROVIN;303;sim;sim;-3,876044;-38,456817;RODOVIA CE 040, KM 04,, S/N, COACU, Eusébio, 61760-000, Brasil;ok
2304285;Eusébio;filial;filial_mesma_raiz;1397886000200;METALMECANICA MAIA LTDA;;;30;sim;nao;-3,8805993;-38,4602656;AVENIDA EUSEBIO DE QUEIROZ, 659, COACU, Eusébio, 61760-000, Brasil;ok
2304202;Crato;filial;protocolo_na_rais;1483689000204;ALUMINIO LUZIE IMPORTACAO E EXPORTACAO LTDA;ALUMINIO LUZIE IMPORTACAO E EXPORTACAO LTDA;PROVIN;59;sim;sim;-7,2274247;-39,3476585;AVENIDA PADRE CICERO, 2350, B, MURITY, Crato, 63122-000, Brasil;ok
2309706;Pacatuba;filial;protocolo_na_rais;1532081000214;PREMAZON PREMOLDADOS DE CONCRETO E FIBRA LTDA.;PREMAZON PREMOLDADOS DE CONCRETO E FIBRA LTDA;PROVIN;125;sim;sim;-4,025406;-38,890809;RODOVIA CE 060 KM 20, S/N, ALTO SAO JOAO, Pacatuba, 61800-100, Brasil;ok
2307650;Maracanaú;filial;protocolo_na_rais;1558722000714;VINIARTEFATOS COMERCIO IMPORTACAO E EXPORTACAO LTDA;VINIARTEFATOS COM. IMP. EXPORT LTDA;PROVIN;57;sim;sim;-3,843857;-38,598744;AVENIDA PARQUE NORTE I, 484, GALPAO I - ANEXO A E II, DISTRITO INDUSTRIAL, Maracanaú, 61939-170, Brasil;ok
2304285;Eusébio;filial;protocolo_na_rais;1571702000864;HALEX ISTAR INDUSTRIA FARMACEUTICA SA;HALEX ISTAR INDÚSTRIA FARMACÊUTICA S/A;PROVIN;613;sim;sim;-3,8076628;-38,4404363;AVENIDA MANOEL MAVIGNIER, 5000, SALA A, PRECABURA, Eusébio, 61774-120, Brasil;ok
2307650;Maracanaú;matriz;protocolo_na_rais;1632154000169;IBEL INDUSTRIA DE BORRACHA EVA LTDA;IBEL INDUSTRIA DE BORRACHA EVA LTDA;PROVIN;140;sim;sim;-3,855307;-38,550948;VIA DE LIGACAO 01, 1150, DIF III, Maracanaú, 61939-000, Brasil;ok
2304400;Fortaleza;filial;filial_mesma_raiz;1632154000240;IBEL INDUSTRIA DE BORRACHA EVA LTDA;;;5;sim;nao;-3,7243313;-38,5273777;RUA BARAO DO RIO BRANCO, 671, CENTRO, Fortaleza, 60025-060, Brasil;ok
2304400;Fortaleza;matriz;filial_mesma_raiz;1740627000141;CASA FREITAS;;;12;sim;nao;-3,728033;-38,525086;RUA DR PEDRO BORGES, 135, LJS 101,201,202,203, CENTRO, Fortaleza, 60055-100, Brasil;ok
2304400;Fortaleza;filial;filial_mesma_raiz;1740627000222;PFM COMERCIAL LTDA.;;;62;sim;nao;-3,732555;-38,4987191;AVENIDA DOM LUIS, 281, 261 E 251, ALDEOTA, Fortaleza, 60160-230, Brasil;ok
2304285;Eusébio;filial;protocolo_na_rais;1740627000494;PFM COMERCIAL LTDA.;PFM COMERCIAL LTDA;PCDM;6;sim;sim;-3,9249549;-38,5069765;RUA LOURIVAL SALES, 261, B E C, JABUTI, Eusébio, 61767-090, Brasil;ok
2304400;Fortaleza;filial;filial_mesma_raiz;1740627000575;PFM COMERCIAL LTDA.;;;45;sim;nao;-3,7588923;-38,5434518;AVENIDA GOMES DE MATOS, 587, MONTESE, Fortaleza, 60410-424, Brasil;ok
2304400;Fortaleza;filial;filial_mesma_raiz;1740627000656;PFM COMERCIAL LTDA.;;;21;sim;nao;-3,7573425;-38,491211;AVENIDA WASHINGTON SOARES, 50, AGUA FRIA, Fortaleza, 60811-340, Brasil;ok
2304400;Fortaleza;filial;filial_mesma_raiz;1740627000737;PFM COMERCIAL LTDA.;;;21;sim;nao;-3,728048;-38,5297585;RUA SENADOR POMPEU, 1055, 1067, CENTRO, Fortaleza, 60025-000, Brasil;ok
2306405;Itapipoca;filial;filial_mesma_raiz;1740627001202;PFM COMERCIAL LTDA.;;;22;sim;nao;-3,496726;-39,5893;RUA ANTONIO JOSE DE OLIVEIRA GUIMARAES, 1156, FAZENDINHA, Itapipoca, 62500-001, Brasil;ok
2307650;Maracanaú;filial;filial_mesma_raiz;1740627001385;PFM COMERCIAL LTDA.;;;21;sim;nao;-3,842948;-38,585053;AVENIDA DR. MENDEL STEINBRUCH, 2527, LOJA 05, BOA ESPERANCA, Maracanaú, 61939-000, Brasil;ok
2304400;Fortaleza;filial;filial_mesma_raiz;1740627001466;PFM COMERCIAL LTDA.;;;17;sim;nao;-3,7304439;-38,5266358;RUA PEDRO PEREIRA, 121, CENTRO, Fortaleza, 60035-000, Brasil;ok
2304400;Fortaleza;filial;filial_mesma_raiz;1740627001547;PFM COMERCIAL LTDA.;;;118;sim;nao;-3,7261904;-38,5260069;RUA GENERAL BEZERRIL, 303, CENTRO, Fortaleza, 60055-100, Brasil;ok
2304285;Eusébio;filial;filial_mesma_raiz;1740627001970;PFM COMERCIAL LTDA.;;;150;sim;nao;-3,9249549;-38,5069765;RUA LOURIVAL SALES, 325, JABUTI, Eusébio, 61767-090, Brasil;ok
2304400;Fortaleza;filial;filial_mesma_raiz;1740627002195;PFM COMERCIAL LTDA.;;;59;sim;nao;-3,834117;-38,489802;"ESTRADA BARAO DE AQUIRAZ, 3150, : LOJA 01;, COACU, Fortaleza, 60871-684, Brasil";ok
2304400;Fortaleza;filial;filial_mesma_raiz;1740627002357;PFM COMERCIAL LTDA.;;;21;sim;nao;-3,7326336;-38,4984827;AVENIDA DOM LUIS, 323, MEIRELES, Fortaleza, 60160-230, Brasil;ok
2311306;Quixadá;filial;filial_mesma_raiz;1740627002519;PFM COMERCIAL LTDA.;;;18;sim;nao;-4,968526;-39,014803;RUA EPITACIO PESSOA, 1250, CENTRO, Quixadá, 63900-133, Brasil;ok
2304400;Fortaleza;filial;filial_mesma_raiz;1740627002608;PFM COMERCIAL LTDA.;;;35;sim;nao;-3,845084;-38,494511;RUA PADRE PEDRO DE ALENCAR, 410, LOJA 03, MESSEJANA, Fortaleza, 60840-280, Brasil;ok
2307700;Maranguape;filial;filial_mesma_raiz;1740627002780;PFM COMERCIAL LTDA.;;;10;sim;nao;-3,8912;-38,6825;RUA CAPITAO JEOVA COLLARES, 101, F , Maranguape, 61942-460, Brasil;falha
2304400;Fortaleza;filial;filial_mesma_raiz;1740627003086;PFM COMERCIAL LTDA.;;;35;sim;nao;-3,826051;-38,493609;AVENIDA FREI CIRILO, 3270, LOJA 02, CAJAZEIRAS, Fortaleza, 60840-285, Brasil;ok
2307601;Limoeiro do Norte;filial;filial_mesma_raiz;1740627003167;PFM COMERCIAL LTDA.;;;7;sim;nao;-5,141125;-38,097263;RUA SABINO ROBERTO DE FREITAS, 2745, FUNDOSRUA PADRE JOAQUIM DE MENEZES 2786, CENTRO, Limoeiro do Norte, 62930-000, Brasil;ok
2308708;Morada Nova;filial;filial_mesma_raiz;1740627003248;PFM COMERCIAL LTDA.;;;7;sim;nao;-5,107845;-38,373411;RUA CIPRIANO MAIA, 217, CENTRO, Morada Nova, 62940-000, Brasil;ok
2302602;Camocim;filial;filial_mesma_raiz;1740627003329;PFM COMERCIAL LTDA.;;;10;sim;nao;-3,041836;-40,683949;RUA DA INDEPENDENCIA, 308, CENTRO, Camocim, 62400-000, Brasil;ok
2311405;Quixeramobim;filial;filial_mesma_raiz;1740627003400;PFM COMERCIAL LTDA.;;;11;sim;nao;-5,194479;-39,294006;RUA RUA MONSENHOR SALVIANO PINTO, 547, CENTRO, Quixeramobim, 63800-000, Brasil;ok
2311801;Russas;filial;filial_mesma_raiz;1740627003590;PFM COMERCIAL LTDA.;;;9;sim;nao;-4,9416614;-37,977766;RUA PADRE RAUL VIEIRA, 382, 388, CENTRO, Russas, 62900-015, Brasil;ok
2300200;Acaraú;filial;filial_mesma_raiz;1740627003671;PFM COMERCIAL LTDA.;;;10;sim;nao;-2,890074;-40,113942;AVENIDA JOAO JAIME FERREIRA GOMES, 50, CENTRO, Acaraú, 62580-000, Brasil;ok
2303501;Cascavel;filial;filial_mesma_raiz;1740627003833;PFM COMERCIAL LTDA.;;;13;sim;nao;-4,135049;-38,239789;RUA FRANCISCO GALDINO DE SOUZA, 2319, LOJA 22, CENTRO, Cascavel, 62850-000, Brasil;ok
2304400;Fortaleza;filial;filial_mesma_raiz;1740627004058;PFM COMERCIAL LTDA.;;;28;sim;nao;-3,7311802;-38,4913104;AVENIDA SENADOR VIRGILIO TAVORA, 637, SUBSOLO, MEIRELES, Fortaleza, 60170-265, Brasil;ok
2304400;Fortaleza;filial;filial_mesma_raiz;1740627004139;PFM COMERCIAL LTDA.;;;22;sim;nao;-3,716982;-38,558773;AVENIDA FRANCISCO SA, 3783, LOJA C, CARLITO PAMPLONA, Fortaleza, 60310-055, Brasil;ok
2304285;Eusébio;filial;filial_mesma_raiz;1740627004805;PFM COMERCIAL LTDA.;;;18;sim;nao;-3,876044;-38,456817;AVENIDA DOS JARDINS (AVENUE OF THE GARDENS) - LADO IMPAR, SN, LOJA 295, COACU, Eusébio, 61771-840, Brasil;ok
2304400;Fortaleza;filial;filial_mesma_raiz;1740627005291;PFM COMERCIAL LTDA.;;;17;sim;nao;-3,7234894;-38,65253;RUA 15 DE NOVEMBRO, 340, LOJA 03 17 18, ITAOCA, Fortaleza, 60421-076, Brasil;ok
2303709;Caucaia;filial;filial_mesma_raiz;1740627005372;PFM COMERCIAL LTDA.;;;30;sim;nao;-3,7333344;-38,6547537;RUA QUINZE DE NOVEMBRO, S/N, CENTRO, Caucaia, 61600-090, Brasil;ok
2303709;Caucaia;matriz;protocolo_na_rais;1752475000105;SITEC TEXTIL INDUSTRIA E COMERCIO LTDA;SITEC TEXTIL INDUSTRIA E COMERCIO LTDA;PROVIN;77;sim;sim;-3,739829;-38,617608;RUA SOBRAL, 1046, TABAPUA BRASILIA, Caucaia, 61634-180, Brasil;ok
2301901;Barbalha;matriz;protocolo_na_rais;1752556000105;IBK;IBK INDUSTRIA DE BORRACHA E CALCADOS KAIANA LTDA;PROVIN;166;sim;sim;-7,277809;-39,322252;AVENIDA DOUTOR LEAO SAMPAIO, 3555, MATA DOS DUDAS, Barbalha, 63094-260, Brasil;ok
2304400;Fortaleza;filial;protocolo_na_rais;1754239002082;REFRIGERACAO DUFRIO COMERCIO E IMPORTACAO S.A.;REFRIGERAÇÃO DUFRIO COMÉRCIO E IMPORTAÇÃO LTDA;PCDM;57;sim;sim;-3,8030077;-38,5037943;RODOVIA BR-116, 1894, 1894-A, CAJAZEIRAS, Fortaleza, 60864-012, Brasil;ok
2303709;Caucaia;matriz;protocolo_na_rais;1755870000133;INBAT INDUSTRIA DE BOTOES LTDA.;INBAT INDUSTRIA DE BOTOES LTDA;PROVIN;25;sim;sim;-3,7385;-38,611;RUA DR. JOAO NOGUEIRA, 382, PQUE TABAPUA, Caucaia, 61605-600, Brasil;falha
2312908;Sobral;filial;protocolo_na_rais;1788591000257;EMBALAGENS CEARA LTDA;EMBALAGENS CEARA LTDA;PROVIN;293;sim;sim;-3,70256;-40,367076;RODOVIA BR-222, 2447, KM 222, DISTRITO INDUSTRIAL, Sobral, 62053-105, Brasil;ok
2307650;Maracanaú;matriz;protocolo_na_rais;1791741000109;ASFALTOS NORDESTE LTDA;ASFALTOS NORDESTE LTDA;PROVIN;69;sim;sim;-3,8685872;-38,6132025;AVENIDA WILSON CAMURCA, 1998, DISTRITO INDUSTRIAL I, Maracanaú, 61939-000, Brasil;ok
2306900;Jaguaribe;matriz;protocolo_na_rais;1802541000104;TUBOARTE;TUBOARTE INDUSTRIA E COMERCIO EIRELI - ME;PROVIN;538;sim;sim;-5,892;-38,6225;RUA 12 DE AGOSTO, 520, NOVA BRASILIA, Jaguaribe, 63475-000, Brasil;falha
2309706;Pacatuba;filial;protocolo_na_rais;1933349000572;LUPO NORDESTE LTDA;LUPO NORDESTE LTDA;PROADE;1854;sim;sim;-3,832985;-38,58158;AVENIDA DOUTOR MENDEL STEINBRUCH, S/N, PAVUNA, Pacatuba, 61809-320, Brasil;ok
2307650;Maracanaú;matriz;protocolo_na_rais;2005599000181;C & L INDUSTRIA DE PLASTICOS LTDA;C & L INDUSTRIA DE PLASTICOS LTDA;PROVIN;96;sim;sim;-3,8735;-38,628;AVENIDA JOSE VALDIR PESSOA, 484, GALPAOIII A VIII, DISTRITO INDUSTRIAL I, Maracanaú, 61939-170, Brasil;falha
2307700;Maranguape;matriz;protocolo_na_rais;2014328000192;LIKO NORDESTE INDUSTRIA E COM DE PRODUTOS QUIMICOS LTD;LIKO NORDESTE INDUSTRIA E COMERCIO DE PRODUTOS QUIMICOS LTDA;PROVIN;46;sim;sim;-3,8972704;-38,6830509;AVENIDA STENIO GOMES, 1280, A, PQUE IRACEMA, Maranguape, 61940-005, Brasil;ok
2304400;Fortaleza;matriz;filial_mesma_raiz;2093286000122;COMERCIAL PLASTCAR LTDA;;;26;sim;nao;-3,7249622;-38,5293628;RUA SENADOR POMPEU, 724, 728, 732 E 736, CENTRO, Fortaleza, 60025-000, Brasil;ok
2304400;Fortaleza;filial;filial_mesma_raiz;2093286000203;COMERCIAL PLASTCAR LTDA;;;12;sim;nao;-3,7247463;-38,5292482;RUA SENADOR POMPEU, 696, CENTRO, Fortaleza, 60025-000, Brasil;ok
2304400;Fortaleza;filial;protocolo_na_rais;2093286000475;COMERCIAL PLASTCAR LTDA;COMERCIAL PLASTCAR LTDA;PCDM;3;sim;sim;-3,7344576;-38,5178418;RUA NOGUEIRA ACIOLI, 1155, CENTRO, Fortaleza, 60110-140, Brasil;ok
2304285;Eusébio;matriz;protocolo_na_rais;2179938000146;HACO ETIQUETAS DO NORDESTE LTDA;HACO ETIQUETAS DO NORDESTE LTDA;PROVIN;143;sim;sim;-3,8802047;-38,4601519;AVENIDA EUSEBIO DE QUEIROZ, 5630, CENTRO, Eusébio, 61760-051, Brasil;ok
2304285;Eusébio;matriz;protocolo_na_rais;2290657000166;AUTOFORT DISTRIBUIDORA DE PECAS PARA VEICULOS;BIODIS INDUSTRIAL LTDA;PROVIN;71;sim;sim;-3,8885;-38,452;RUA LUIS CARLOS DE MEDEIROS, 23, TIMBU, Eusébio, 61760-000, Brasil;falha
2312908;Sobral;matriz;protocolo_na_rais;2313082000150;BEPLAST NORDESTE E COMERCIO DE PLASTICOS LTDA;BEPLAST NORDESTE INDUSTRIA E COMERCIO DE PLASTICOS LTDA;PROVIN;73;sim;sim;-3,6847877;-40,3371261;RUA JOCELY DANTAS DE ANDRADE TORRES, 605, DISTRITO INDUSTRIAL, Sobral, 62053-075, Brasil;ok
2304400;Fortaleza;matriz;filial_mesma_raiz;2403486000134;CARMEHIL COMERCIAL E;;;129;sim;nao;-3,7315165;-38,5465247;AVENIDA BEZERRA DE MENEZES, 170, FARIAS BRITO, Fortaleza, 60325-003, Brasil;ok
2304400;Fortaleza;filial;filial_mesma_raiz;2403486000215;CARMEHIL - COMERCIAL ELETRICA LTDA;;;53;sim;nao;-3,7474566;-38,4951056;AVENIDA ANTONIO SALES, 3243, DIONISIO TORRES, Fortaleza, 60135-203, Brasil;ok
2304400;Fortaleza;filial;filial_mesma_raiz;2403486000304;CARMEHIL - COMERCIAL ELETRICA LTDA;;;87;sim;nao;-3,7320157;-38,547444;AVENIDA BEZERRA DE MENEZES, 204, /212, FARIAS BRITO, Fortaleza, 60325-000, Brasil;ok
2303709;Caucaia;filial;protocolo_na_rais;2403486000568;CARMEHIL - COMERCIAL ELETRICA LTDA;CARMEHIL COMERCIAL ELÉTRICA LTDA;PROVIN;124;sim;sim;-3,7897534;-38,6524318;RODOVIA ANEL VIARIO, 25855, GALPAO03, TOCO (JUREMA), Caucaia, 61659-805, Brasil;ok
2307700;Maranguape;matriz;protocolo_na_rais;2535927000151;C P N;C P N CHAPAS PERFURADAS DO NORDESTE LTDA;PROVIN;17;sim;sim;-3,921573;-38,688726;AVENIDA JOAQUIM LOPES, 2629, DISTRITO INDUSTRIAL, URUCARA, Maranguape, 61948-805, Brasil;ok
2307650;Maracanaú;filial;protocolo_na_rais;2547509000508;ILPEA DO BRASIL LTDA;ILPEA DO BRASIL LTDA;PROVIN;24;sim;sim;-3,8687957;-38,6157387;AVENIDA PARQUE SUL, 2252 C, GALPAO, DISTRITO INDUSTRIAL, Maracanaú, 61939-000, Brasil;ok
2307007;Jaguaruana;matriz;protocolo_na_rais;2656686000107;MULTICOR-INDUSTRIA TEXTIL LTDA;MULTICOR - INDUSTRIA TEXTIL LTDA;PROVIN;91;sim;sim;-4,850648;-37,800619;RUA JOSE DE ALMEIDA, 1977, SITIO CARDEAIS, Jaguaruana, 62823-000, Brasil;ok
2308708;Morada Nova;filial;protocolo_na_rais;2675611000750;COOPERSHOES - COOPERATIVA DE TRABALHO E INDUSTRIA DE C;COOPERSHOES COOPERATIVA DE TRABALHO E INDUSTRIA DE CALCADOS JOANETENSE LTDA;PROADE;2950;sim;sim;-5,109;-38,372;AVENIDA VEREADOR PAULO RABELO DE BRITO, 2065, DISTRITO INDUSTRIAL, GIRAO MAIA, Morada Nova, 62942-552, Brasil;falha
2307650;Maracanaú;matriz;protocolo_na_rais;2748357000188;IND.CEARENSE DE COLCHOES E ESPUMAS LTDA.;INDUSTRIA CEARENSE DE COLCHOES E ESPUMAS LTDA;PROVIN;390;sim;sim;-3,854463;-38,620381;AVENIDA MARIA HOSANA MATOS LIMA, 100, DISTRITO INDUSTRIAL I, Maracanaú, 61939-130, Brasil;ok
2307650;Maracanaú;filial;filial_mesma_raiz;2748357000340;INDUSTRIA CEARENSE DE COLCHOES E ESPUMAS LTDA;;;42;sim;nao;-3,854463;-38,620381;AVENIDA MARIA HOSANA MATOS LIMA, 900 B, DISTRITO INDUSTRIAL I, Maracanaú, 61939-130, Brasil;ok
2304285;Eusébio;matriz;protocolo_na_rais;2759697000104;PERFISUL INDUSTRIA E COMERCIO LTDA;PERFISUL INDUSTRIA E COMERCIO LTDA;PROVIN;42;sim;sim;-3,8949855;-38,4495781;RUA IRMA AMBROSINA, 855, EUSEBIO, CENTRO, Eusébio, 61760-000, Brasil;ok
2307650;Maracanaú;filial;protocolo_na_rais;2948030000230;ESMALTEC S/A;ESMALTEC S/A;PROVIN;2085;sim;sim;-3,854463;-38,620381;AVENIDA PELAGIO DE OLIVEIRA BRANDAO, 2130, DISTRITO INDUSTRIAL I, Maracanaú, 61939-120, Brasil;ok
2310258;Paraipaba;matriz;filial_mesma_raiz;2974336000180;MALIBRU AGRO INDUSTRIA, DISTRIBUICAO, IMPORTACAO E EXP;;;10;sim;nao;-3,435023;-39,14694;FAZENDA SAO JOSE, S/N, CALUMBI, ZONA RURAL, Paraipaba, 62685-000, Brasil;ok
2303709;Caucaia;filial;protocolo_na_rais;2974336000342;MALIBRU AGRO INDUSTRIA, DISTRIBUICAO, IMPORTACAO E EXP;MALIBRU AGRO INDUSTRIA DISTRIBUICAO IMPORTACAO E EXPORTACAO;PCDM;12;sim;sim;-3,7675456;-38,6654654;RODOVIA BR 020, S/N, KM 11, CAMPO GRANDE, Caucaia, 61600-004, Brasil;ok
2304400;Fortaleza;filial;filial_mesma_raiz;2974336000504;MALIBRU AGRO INDUSTRIA, DISTRIBUICAO, IMPORTACAO E EXP;;;19;sim;nao;-3,7455346;-38,4693753;AVENIDA SANTOS DUMONT, 2828, 405, ALDEOTA, Fortaleza, 60150-162, Brasil;ok
2307700;Maranguape;matriz;protocolo_na_rais;3007414000130;HOPE DO NORDESTE LTDA;HOPE DO NORDESTE LTDA;PROADE;1134;sim;sim;-3,886119;-38,680874;AVENIDA DOUTOR ARGEU GURGEL BRAGA HERBSTER, 610, OUTRA BANDA, Maranguape, 61942-005, Brasil;ok
2307700;Maranguape;filial;protocolo_sem_rais;3007414000483;HOPE DO NORDESTE LTDA;HOPE DO NORDESTE LTDA;PCDM;0;nao;sim;-3,8974504;-38,6844774;RUA JUSCELINO KUBITSCHEK DE OLIVEIRA, 181, PARQUE SANTA FE, Maranguape, 61940-390, Brasil;ok
2309706;Pacatuba;matriz;protocolo_na_rais;3085541000158;PQVIRK INDUSTRIA E COMERCIO DE PRODUTOS QUIMICOS LTDA;PQVIRK INDUSTRIA E COMERCIO DE PRODUTOS QUIMICOS LTDA;PROVIN;54;sim;sim;-4,002995;-38,621957;AVENIDA GOVERNADOR FAUSTINO DE ALBUQUERQUE, 13613, RODOVIA CE 060, ALTO SAO JOAO, Pacatuba, 61800-800, Brasil;ok
2307650;Maracanaú;matriz;protocolo_na_rais;3316935000170;PERSEU PVC INDUSTRIA LTDA;PERSEU PVC INDUSTRIA EIRELLI;PROVIN;24;sim;sim;-3,861386;-38,6162196;AVENIDA MANOEL MOREIRA LIMA, 420, ANTIGA AV DE LIGACAO, JENIPAPEIRO, Maracanaú, 61906-010, Brasil;ok
2307809;Marco;matriz;filial_mesma_raiz;3433003000107;DIANA SOUSA OSTERNE AGUIAR;;;19;sim;nao;-3,138488;-40,123718;ESTRADA MARCO MARACAJA, S/N, KM 00 SALA 09, SANTA ROSA, Marco, 62560-000, Brasil;ok
2307809;Marco;filial;protocolo_na_rais;3433003000298;TRONCUS WOOD TRANSPORTES E REFLORESTAMENTOS LTDA;TRONCUS WOOD TRANSPORTES E REFLORESTAMENTOS LTDA;PROVIN;5;sim;sim;-3,142182;-40,08535;RODOVIA BR 402, S/N, KM 01 GALPAO05, SANTA ROSA, Marco, 62560-000, Brasil;ok
2305233;Horizonte;matriz;protocolo_na_rais;3466523000116;TUBOTECNICO INDUSTRIA E COMERCIO LTDA - ME;TUBOTECNICO IND COM EMBALAGENS LTDA;PROVIN;7;sim;sim;-4,06667;-38,5;RUA FRANCISCO DOMINGOS DE SOUSA, 41, CATOLE, Horizonte, 62887-290, Brasil;ok
2301000;Aquiraz;filial;protocolo_na_rais;3633326000225;NTB - NORDESTE TORRES DO BRASIL LTDA;NTB - NORDESTE TORRES DO BRASIL LTDA;PROVIN;4;sim;sim;-3,907198;-38,373718;"RODOVIA SANTOS DUMONT, BR 116, S/N, KM: 24.5;, CAMARA, Aquiraz, 61700-000, Brasil";ok
2303709;Caucaia;matriz;protocolo_na_rais;3773027000105;ALYNE;CIGEL INDUSTRIAL LTDA;PROVIN;303;sim;sim;-3,7594097;-38,621628;RUA ARARE, 1777, PARQUE POTIRA, Caucaia, 61650-110, Brasil;ok
2307809;Marco;matriz;protocolo_na_rais;3875890000173;RUAH INDUSTRIA E COMERCIO DE MOVEIS LTDA;RUAH INDUSTRIA E COMERCIO DE MOVEIS LTDA;PROVIN;374;sim;sim;-3,142182;-40,08535;RODOVIA BR 402 KM 01, SN, GALPAO 01, SANTA ROSA, Marco, 62560-000, Brasil;ok
2307809;Marco;filial;protocolo_na_rais;3875890002036;RUAH INDUSTRIA E COMERCIO DE MOVEIS LTDA;RUAH INDÚSTRIA E COMÉRCIO DE MÓVEIS LTDA;PCDM;16;sim;sim;-3,142182;-40,08535;RODOVIA BR 402 KM 01, S/N, GALPAO02, SANTA ROSA, Marco, 62560-000, Brasil;ok
2304285;Eusébio;matriz;protocolo_na_rais;3884180000100;AARON INDUSTRIA DE ROTULOS E ETIQUETAS ADESIVAS LTDA;AARON INDUSTRIA DE ROTULOS E ETIQUETAS ADESIVAS S.A.;PROVIN;73;sim;sim;-3,8938792;-38,4609942;RUA EDMILSON PINHEIRO, 10, DISTRITO INDL II, Eusébio, 61760-000, Brasil;ok
2307650;Maracanaú;matriz;protocolo_na_rais;3941904000100;OSASUNA PARTICIPACOES LTDA;OSASUNA PARTICIPACOES LTDA;PROADE;542;sim;sim;-3,854463;-38,620381;AVENIDA JOSE VALDIR PESSOA, 89, DISTRITO INDUSTRIAL I, Maracanaú, 61939-170, Brasil;ok
2307650;Maracanaú;filial;protocolo_na_rais;3941904000703;OSASUNA PARTICIPACOES LTDA.;OSASUNA PARTICIPACOES LTDA;PCDM;40;sim;sim;-3,854463;-38,620381;AVENIDA JOSE VALDIR PESSOA, 285, GALPAOB, DISTRITO INDUSTRIAL I, Maracanaú, 61939-170, Brasil;ok
2304400;Fortaleza;filial;filial_mesma_raiz;3941904000886;OSASUNA PARTICIPACOES LTDA.;;;30;sim;nao;-3,7238294;-38,5262951;RUA MAJOR FACUNDO, 77, CENTRO, Fortaleza, 60025-100, Brasil;ok
2309706;Pacatuba;filial;protocolo_na_rais;4176513001938;CKBR BEBIDAS LTDA;CKBR BEBIDAS LTDA;PROVIN;1;sim;sim;;;;ignorado_endereco_insuficiente
2313401;Tianguá;matriz;filial_mesma_raiz;4191295000181;CATATAU ACO;;;76;sim;nao;-3,731;-40,992;BR 222 KM 314,, S/N, CACIMBAS, Tianguá, 62320-000, Brasil;falha
2313401;Tianguá;filial;protocolo_na_rais;4191295000262;CATATAU ACO LTDA;CATATAU ACO LTDA;PROVIN;1;sim;sim;-3,733961;-40,998573;RODOVIA BR 222, SN, BOX 04 KM 314, CACIMBAS, Tianguá, 62320-000, Brasil;ok
2304400;Fortaleza;filial;filial_mesma_raiz;4191295000343;CATATAU ACO LTDA;;;30;sim;nao;-3,8660684;-38,4978447;RODOVIA BR-116, 4500, KM 13, ANCURI, Fortaleza, 60874-052, Brasil;ok
2313401;Tianguá;filial;protocolo_na_rais;4191295000424;CATATAU ACO LTDA;CATATAU AÇO LTDA;PROVIN;52;sim;sim;-3,733961;-40,998573;AVENIDA ENFERMEIRO JOSE EVANGELISTA DE VASCONCELOS, S/N, INDUSTRIAL, Tianguá, 62323-350, Brasil;ok
2312700;Senador Pompeu;matriz;protocolo_na_rais;4358307000110;SUGAR SHOES INDUSTRIA DE CALCADOS LTDA.;SUGAR SHOES INDUSTRIA DE CALÇADOS LTDA;PROVIN;807;sim;sim;-5,5895;-39,3705;AVENIDA GERALDO MESQUITA GURGEL, 2, LOT. INDUSTRIAL, ALTO SAO JOSE, Senador Pompeu, 63600-000, Brasil;falha
2312700;Senador Pompeu;filial;protocolo_na_rais;4358307000624;SUGAR SHOES INDUSTRIA DE CALCADOS LTDA.;SUGAR SHOES INDÚSTRIA DE CALÇADOS LTDA;PROVIN;194;sim;sim;-5,523626;-39,492557;RODOVIA CE-060, S/N, KM 20, DISTRITO DO BONFIM, Senador Pompeu, 63600-000, Brasil;ok
2301901;Barbalha;matriz;protocolo_na_rais;4396417000176;KINCCAL - KAIANA IND DE COMPONENTES E CALCADOS LTDA;KINCCAL-KAIANA INDUSTRIA DE COMPONENTES E CALCADOS LTDA;PROVIN;31;sim;sim;-7,2862943;-39,3199694;AVENIDA LEAO SAMPAIO, 3451, MATA, Barbalha, 63180-000, Brasil;ok
2304285;Eusébio;matriz;protocolo_na_rais;4439228000133;TECNOQUIMICA INDUSTRIA E COMERCIO LTDA;TECNOQUIMICA INDUSTRIA E COMERCIO LTDA;PROVIN;65;sim;sim;-3,877029;-38,465334;RUA DR RAIMUNDO GUIMARAES, S/N, COITE, Eusébio, 61760-000, Brasil;ok
2307304;Juazeiro do Norte;matriz;protocolo_na_rais;4503776000185;CALCADOS VIA FASHION;CALCADOS VIA FASHION LTDA;PROVIN;61;sim;sim;-7,2208061;-39,296955;AVENIDA HUMBERTO BEZERRA, 1700, TIRADENTES, Juazeiro do Norte, 63020-600, Brasil;ok
2307809;Marco;matriz;protocolo_na_rais;4611905000159;DOMARCO ESTOFADOS;AGUIA INDUSTRIA E COMERCIO DE MOVEIS LTDA;PROVIN;5;sim;sim;-3,125292;-40,160518;RODOVIA RODOVIA CE 179, S/N, LOTE 7, SANTA ROSA, Marco, 62560-000, Brasil;ok
2311504;Quixeré;filial;protocolo_na_rais;4639828000226;TOPSHOES INDUSTRIA DE CALCADOS SA;TOPSHOES INDUSTRIA DE CALCADOS SA;PROADE;829;sim;sim;-5,074;-37,988;"RODOVIA CE 377, S/N, : CIBRAZEM;, SITIO PE DE SERRA, Quixeré, 62920-000, Brasil";falha
2307304;Juazeiro do Norte;matriz;protocolo_na_rais;4665587000109;EVAPLAST INDUSTRIA E COM DE ART DE BORRACHAS PLAST LTD;EVAPLAST INDUSTRIA E COMERCIO DE ARTEFATOS DE BORRACHA E PLASTICOS LTDA;PROVIN;2;sim;sim;-7,242229;-39,3342777;RUA MOACIR GONDIN LOCIO, 309, SAO JOSE, Juazeiro do Norte, 63024-515, Brasil;ok
2307650;Maracanaú;matriz;protocolo_na_rais;4706416000180;TINTAS HIDRACOR S/A;TINTAS HIDRACOR S/A;PROVIN;273;sim;sim;-3,854463;-38,620381;RODOVIA DOUTOR MENDEL STEINBRUCH, S/N, KM 06, DISTRITO INDUSTRIAL I, Maracanaú, 61939-210, Brasil;ok
2300150;Acarape;filial;filial_mesma_raiz;4706416000342;TINTAS HIDRACOR S/A;;;34;sim;nao;-4,222748;-38,703345;RODOVIA 354, S/N, KM 06, SEDE, Acarape, 62785-000, Brasil;ok
2300150;Acarape;filial;filial_mesma_raiz;4706416000423;TINTAS HIDRACOR S/A;;;10;sim;nao;-4,222748;-38,703345;ESTRADA CANTA GALO, S/N, CANTA GALO, Acarape, 62785-000, Brasil;ok
2307304;Juazeiro do Norte;matriz;protocolo_na_rais;4770484000109;SABAO JUA;SABAO JUA INDUSTRIA E COMERCIO LTDA;PROVIN;239;sim;sim;-7,246752;-39,3102946;RUA DANILO LANDIM LEITE, 1180, PLANALTO, Juazeiro do Norte, 63047-020, Brasil;ok
2309706;Pacatuba;matriz;protocolo_na_rais;4794651000151;MECESA EMBALAGENS S A EM RECUPERACAO JUDICIAL;MECESA EMBALAGENS S/A;PROVIN;58;sim;sim;-3,9176853;-38,6073409;RODOVIA CE 060, S/N, KM. 30, ALTO SAO JOAO, Pacatuba, 61800-100, Brasil;ok
2301000;Aquiraz;filial;protocolo_na_rais;4919351000232;VESTAS DO BRASIL ENERGIA EOLICA LTDA;VESTAS DO BRASIL ENERGIA EÓLICA LTDA;PIER;62;sim;sim;-4,0378819;-38,5092889;RODOVIA BR 116, 1517, KM 22, GIBOIA, Aquiraz, 61700-000, Brasil;ok
2312403;São Gonçalo do Amarante;filial;filial_mesma_raiz;4919351002448;VESTAS DO BRASIL ENERGIA EOLICA LTDA;;;3;sim;nao;-3,549139;-38,88841;SITIO GUARIBA III, S/N, DISTRITO DE TAIBA, São Gonçalo do Amarante, 62670-000, Brasil;ok
2300754;Amontada;filial;filial_mesma_raiz;4919351002529;VESTAS DO BRASIL ENERGIA EOLICA LTDA;;;14;sim;nao;-3,36118;-39,825324;SITIO SATURNO, S/N, DISTRITO DE ICARAI, Amontada, 62540-000, Brasil;ok
2313500;Trairi;filial;filial_mesma_raiz;4919351002871;VESTAS DO BRASIL ENERGIA EOLICA LTDA;;;13;sim;nao;-3,289714;-39,257098;FAZENDA TAMANDUA, S/N, KM 14 VIA TRAIRI, FAZENDA TAMANDUA, Trairi, 62690-000, Brasil;ok
2305357;Icapuí;filial;filial_mesma_raiz;4919351005706;VESTAS DO BRASIL ENERGIA EOLICA LTDA;;;6;sim;nao;-4,704016;-37,359018;SITIO MUTAMBA, S/N, ZONA RURAL, Icapuí, 62810-000, Brasil;ok
2307304;Juazeiro do Norte;matriz;protocolo_na_rais;5098354000134;INDUSTRIA DE CALCADOS VIA BEACH LTDA - EM RECUPERACAO;INDUSTRIA DE CALCADOS VIA BEACH LTDA;PROVIN;15;sim;sim;-7,2598625;-39,3079679;RUA JULIO SARAIVA DOS SANTOS, 101, CIDADE UNIVERSITARIA, Juazeiro do Norte, 63048-185, Brasil;ok
2304400;Fortaleza;filial;filial_mesma_raiz;5099585000596;CBAA- ASFALTOS LTDA;;;9;sim;nao;-3,7329525;-38,5094642;RUA MONSENHOR BRUNO, 1153, SL 1019 1021 E 1023, ALDEOTA, Fortaleza, 60115-191, Brasil;ok
2304954;Guaiúba;filial;protocolo_na_rais;5099585001134;CBAA- ASFALTOS LTDA;CBAA ASFALTOS LTDA;PROVIN;36;sim;sim;-4,159605;-38,684274;RODOVIA CE 060, SN, LOTE 5 E 6 QUADRA1 RUA 1, DISTRITO INDUSTRIAL DE GUAIUBA, Guaiúba, 61890-000, Brasil;ok
2304954;Guaiúba;filial;protocolo_na_rais;5099585001800;CBAA- ASFALTOS LTDA;CBAA ASFALTOS LTDA;PCDM;3;sim;sim;-4,159605;-38,684274;RODOVIA RDO CE 060, S/N, QUADRA01, MATA FRESCA, Guaiúba, 61890-000, Brasil;ok
2309706;Pacatuba;matriz;protocolo_na_rais;5111625000144;MOVENORD - MOVEIS DO NORDESTE LTDA;MOVENORD - MOVEIS DO NORDESTE LTDA;PROVIN;36;sim;sim;-4,002995;-38,621957;AVENIDA GOVERNADOR FAUSTINO DE ALBUQUERQUE, 13913, KM 21, ALTO SAO JOAO, Pacatuba, 61800-800, Brasil;ok
2312908;Sobral;matriz;filial_mesma_raiz;5270731000170;FABRICA COELHO;;;64;sim;nao;-3,6837546;-40,3497635;RUA CEL DIOGO GOMES, 156, ALTO DA BRASILIA, Sobral, 62040-610, Brasil;ok
2303709;Caucaia;filial;filial_mesma_raiz;5270731000685;INDUSTRIAS REUNIDAS HELIO ARRUDA COELHO LTDA;;;36;sim;nao;-3,742487;-38,617975;RUA MINAS GERAIS, 36, PARQUE TABAPUA BRASILIA, Caucaia, 61634-100, Brasil;ok
2308005;Massapê;filial;protocolo_na_rais;5270731000766;INDUSTRIAS REUNIDAS HELIO ARRUDA COELHO LTDA;INDÚSTRIAS REUNIDAS HÉLIO ARRUDA COELHO LTDA;PROVIN;133;sim;sim;-3,563847;-40,34354;RODOVIA CE 362 KM 81, SN, CAMPO GRANDE, Massapê, 62140-000, Brasil;ok
2307700;Maranguape;matriz;filial_mesma_raiz;5373212000138;YPIOCA;;;49;sim;nao;-3,931;-38,718;FAZENDA YPIOCA, SN, SAPUPARA, Maranguape, 61950-000, Brasil;falha
2304400;Fortaleza;filial;filial_mesma_raiz;5373212000219;AGROPAULO AGROINDUSTRIAL S.A;;;260;sim;nao;-3,8256588;-38,4808303;AVENIDA WASHINGTON SOARES, 8385, CURIO, Fortaleza, 60844-215, Brasil;ok
2307007;Jaguaruana;filial;protocolo_na_rais;5373212000995;AGROPAULO AGROINDUSTRIAL S.A;AGROPAULO AGROINDUSTRIAL S/A;PROVIN;113;sim;sim;-4,832;-37,781;RODOVIA CE 123 KM 40, S/N, FAZENDA LAGOA VERMELHA, LAGOA DA SALSA KM 16, Jaguaruana, 62823-000, Brasil;falha
2301703;Aurora;filial;protocolo_na_rais;5382997000610;NEWMAQ ELETRODOMESTICOS LTDA;NEWMAQ ELETRODOMÉSTICOS LTDA;PROVIN;7;sim;sim;-6,945077;-38,964599;RUA FRANCISCO TEIXEIRA DE MACEDO, 150, CENTRO, Aurora, 63360-000, Brasil;ok
2307650;Maracanaú;matriz;protocolo_na_rais;5477054000166;EMPRESA BRASILEIRA DE EQUIP.IND.AGRIC.LTDA.;HIDROTINTAS LTDA;PROVIN;263;sim;sim;-3,8520449;-38,5883423;RODOVIA DOUTOR MENDEL STEINBRUCH, 10500, DISTRITO INDUSTRIAL I, Maracanaú, 61939-210, Brasil;ok
2307650;Maracanaú;filial;protocolo_na_rais;5477054000247;HIDROTINTAS INDUSTRIA E COMERCIO DE TINTAS LTDA;HIDROTINTAS INDUSTRIA E COMERCIO DE TINTAS LTDA;PCDM;23;sim;sim;-3,8520449;-38,5883423;RODOVIA DOUTOR MENDEL STEINBRUCH, 10500, LETRA A, DISTRITO INDUSTRIAL I, Maracanaú, 61939-210, Brasil;ok
2306553;Itarema;matriz;protocolo_na_rais;5583876000121;CARNAUBA DO BRASIL LTDA;CARNAUBA DO BRASIL LTDA;PROVIN;43;sim;sim;-2,923;-39,915;RUA MANUEL SALES, 1399, GARGOE, Itarema, 62590-000, Brasil;falha
2312908;Sobral;matriz;protocolo_na_rais;5609769000125;INDUSTRIA E COMERCIO DE RACOES GOLFINHO LTDA;INDUSTRIA E COMERCIO DE RACOES GOLFINHO LTDA;PROVIN;270;sim;sim;-3,6948112;-40,3800313;AVENIDA SENADOR JOSE ERMIRIO DE MORAES, 2280, EDMUNDO MONTE COELHO, Sobral, 62055-000, Brasil;ok
2312908;Sobral;filial;filial_mesma_raiz;5609769000206;INDUSTRIA E COMERCIO DE RACOES GOLFINHO LTDA;;;82;sim;nao;-3,6925487;-40,3756328;AVENIDA SENADOR JOSE ERMIRIO DE MORAES, 726, PADRE IBIAPINA, Sobral, 62023-120, Brasil;ok
2310258;Paraipaba;matriz;protocolo_na_rais;5635589000118;DICOCO;DICOCO AGROINDUSTRIAL LTDA;PROVIN;397;sim;sim;-3,365925;-39,199937;DISTRITO DO CALUMBI I, 1179, SITIO, ZONA RURAL, Paraipaba, 62685-000, Brasil;ok
2306405;Itapipoca;filial;protocolo_na_rais;5635589000380;DICOCO AGROINDUSTRIAL LTDA;DICOCO AGROINDUSTRIAL LTDA;PROVIN;70;sim;sim;-3,492939;-39,573556;FAZENDA GUARIBAS, S/N, GALPAO INDUSTRIAL, CRUXATI, Itapipoca, 62525-000, Brasil;ok
2311801;Russas;matriz;protocolo_na_rais;5774283000142;PROPEL - PROJETOS, C;PROPEL - PROJETOS, CONSTRUÇÕES E PRE-MOLDADOS LTDA;PROVIN;1;sim;sim;-4,947058;-37,992124;AREA RODOVIA BR 116, 309, KM 173, AREA RURAL, Russas, 62906-899, Brasil;ok
2310852;Pindoretama;matriz;protocolo_na_rais;5878522000104;TOMATINNI DO BRASIL;BUCATINNI INDÚSTRIA E COMÉRCIO DE ALIMENTOS LTDA;PROVIN;24;sim;sim;-4,031236;-38,300966;RUA RODOLFO DA SILVA COSTA, SN, SITIO RIBEIROS, Pindoretama, 62860-000, Brasil;ok
2304285;Eusébio;matriz;protocolo_na_rais;5997125000151;SAO BRAZ INDUSTRIA DE BEBIDAS LTDA;SAO BRAZ INDUSTRIA DE BEBIDAS LTDA;PROVIN;34;sim;sim;-3,876044;-38,456817;AVENIDA JOSE AMORA SA, 1513, AUTODROMO, Eusébio, 61763-840, Brasil;ok
2307650;Maracanaú;matriz;protocolo_na_rais;6037585000109;DELFA INDUSTRIA E COM. DE ACESSORIOS DO VESTUARIO LTDA;DELFA INDUSTRIA E COMERCIO DE ACESSORIOS DO VESTUARIO LTDA;PROVIN;967;sim;sim;-3,8712614;-38,6100869;AVENIDA WILSON CAMURCA, 1798, DISTRITO INDUSTRIAL I, Maracanaú, 61939-000, Brasil;ok
2304202;Crato;matriz;protocolo_na_rais;6176339000120;INCOPA;INCOPA INDUSTRIA E COMERCIO DE PAPEIS E LOGISTICA LTDA;PROVIN;240;sim;sim;-7,223725;-39,378522;RUA PEDRO GOMES DE NOROES, 1353, MURITI, Crato, 63132-150, Brasil;ok
2304285;Eusébio;filial;protocolo_na_rais;6337280000376;FRESNOMAQ INDUSTRIA DE MAQUINAS S/A;FRESNOMAQ INDÚSTRIA DE MÁQUINAS S.A.;PROVIN;49;sim;sim;-3,895106;-38,463039;"RUA VITORIA KELLY, 100, GALPAO: 1A;, AUTODROMO, Eusébio, 61760-000, Brasil";ok
2304285;Eusébio;filial;filial_mesma_raiz;6337280000961;FRESNOMAQ INDUSTRIA DE MAQUINAS S/A;;;2;sim;nao;-3,895106;-38,463039;RUA VITORIA KELLY, 100, GALPAO1B, AUTODROMO, Eusébio, 61763-810, Brasil;ok
2304285;Eusébio;filial;filial_mesma_raiz;6337280001003;FRESNOMAQ INDUSTRIA DE MAQUINAS S/A;;;1;sim;nao;-3,895106;-38,463039;RUA VITORIA KELLY, 100, GALPAO03, AUTODROMO, Eusébio, 61763-810, Brasil;ok
2307650;Maracanaú;matriz;protocolo_na_rais;6348562000107;VAREJAO DA SUCATA LTDA;VAREJAO DA SUCATA LTDA;PCDM;69;sim;sim;-3,8370707;-38,6056492;RODOVIA ANEL VIARIO, 5021, ALTO ALEGRE II, Maracanaú, 61921-520, Brasil;ok
2312403;São Gonçalo do Amarante;matriz;filial_mesma_raiz;6604714000195;SANTELISA INDUSTRIA DE EMBALAGENS S/A;;;1;sim;nao;-3,642595;-38,90558;ESTRADA CATUANA PECEM, S N, KM 12, PECEM, São Gonçalo do Amarante, 62670-000, Brasil;ok
2301000;Aquiraz;filial;protocolo_na_rais;6604714000276;SANTELISA INDUSTRIA DE EMBALAGENS S/A;SANTELISA INDUSTRIA DE EMBALAGENS S/A;PROVIN;447;sim;sim;-3,96294;-38,33865;ESTRADA SDO (SITIO SANTA ELIZA), S/N, TAPERA, Aquiraz, 61700-000, Brasil;ok
2301901;Barbalha;matriz;protocolo_na_rais;6628333000146;FARMACE- INDUSTRIA QUIMICO-FARMACEUTICA CEARENSE LTDA;FARMACE-INDUSTRIA QUIMICO FARMACEUTICA CEARENSE LTDA;PROADE;1997;sim;sim;-7,318199;-39,296794;AVENIDA DOUTOR ANTONIO LYRIO CALLOU, 0, KM 02, TUPINAMBA, Barbalha, 63091-215, Brasil;ok
2307650;Maracanaú;matriz;protocolo_na_rais;6917678000110;BICIFORT;METALÚRGICA BACE LTDA;PROVIN;12;sim;sim;-3,8714342;-38,6101393;AVENIDA PARQUE SUL, 39, DISTRITO INDUSTRIAL I, Maracanaú, 61939-000, Brasil;ok
2307304;Juazeiro do Norte;matriz;protocolo_na_rais;6942221000165;CAJUINA SAO GERALDO LTDA;CAJUINA SAO GERALDO LTDA;PROVIN;550;sim;sim;-7,224012;-39,305515;AVENIDA PADRE CICERO, SN, KM 02, CAJUINA SAO GERALDO, Juazeiro do Norte, 63022-115, Brasil;ok
2307650;Maracanaú;filial;filial_mesma_raiz;6942221000670;CAJUINA SAO GERALDO LTDA;;;102;sim;nao;-3,8502281;-38,5729942;RODOVIA ANEL VIARIO, 4902, GALPAO03-MODULO 17, BOA ESPERANCA, Maracanaú, 61935-180, Brasil;ok
2307304;Juazeiro do Norte;filial;filial_mesma_raiz;6942221000831;CAJUINA SAO GERALDO LTDA;;;47;sim;nao;-7,252632;-39,322215;AVENIDA DEPUTADO LEAO SAMPAIO, 1590, LAGOA SECA, Juazeiro do Norte, 63040-000, Brasil;ok
2307304;Juazeiro do Norte;matriz;protocolo_na_rais;6956391000107;TREVO INDUSTRIA DE GESSO LTDA;TREVO INDUSTRIAL DE ACARTONADOS S/A;PROVIN;298;sim;sim;-7,2518646;-39,3497411;RUA JOSIAS INOJOSA DE OLIVEIRA, 5000, DISTRITO INDUSTRIAL, Juazeiro do Norte, 63045-010, Brasil;ok
2313401;Tianguá;matriz;protocolo_na_rais;6967059000130;CPL IMPORT;CPL MOTOPARTS LTDA;PCDM;89;sim;sim;-3,733961;-40,998573;AVENIDA ENFERMEIRO JOSE EVANGELISTA DE VASCONCELOS, 1881, CRUZEIRO, Tianguá, 62320-000, Brasil;ok
2304954;Guaiúba;filial;protocolo_na_rais;7009769000462;WANA INDUSTRIA E COMERCIO DE PRODUTOS QUIMICOS LTDA;WANA INDÚSTRIA E COMÉRCIO DE PRODUTOS QUÍMICOS LTDA;PROVIN;18;sim;sim;-4,043507;-38,636433;RODOVIA CE 060 KM 26, S / N, POLO INDUSTRIAL, Guaiúba, 61890-000, Brasil;ok
2307650;Maracanaú;matriz;protocolo_na_rais;7041007000109;DURAMETAL LTDA;DURAMETAL LTDA;PROVIN;691;sim;sim;-3,8409962;-38,5990783;AVENIDA PARQUE NORTE-2, 170, DISTRITO INDUSTRIAL I, Maracanaú, 61939-180, Brasil;ok
2304400;Fortaleza;matriz;protocolo_na_rais;7157605000130;AGATEK;AGATEK INDUSTRIA E COMERCIO LTDA;PROVIN;57;sim;sim;-3,7335741;-38,5207642;RUA PERO COELHO, 427, CENTRO, Fortaleza, 60140-100, Brasil;ok
2304400;Fortaleza;filial;filial_mesma_raiz;7157605000210;AGATEK INDUSTRIA E COMERCIO LTDA;;;5;sim;nao;-3,736055;-38,495483;RUA MARIA TOMASIA, 1277, LOJA 02, ALDEOTA, Fortaleza, 60150-170, Brasil;ok
2304400;Fortaleza;filial;protocolo_na_rais;7190194000346;GARRIDO E GUZMAN COMERCIAL DE ACESSORIOS LTDA;GARRIDO E GUZMAN COMERCIAL DE ACESSORIOS LTDA;PCDM;3;sim;sim;-3,7729661;-38,481709;AVENIDA WASHINGTON SOARES, 55, 412, EDSON QUEIROZ, Fortaleza, 60811-341, Brasil;ok
2307650;Maracanaú;matriz;protocolo_na_rais;7194824000199;NATURAL WAX;NATURAL WAX INDUSTRIA DE CERA LTDA;PROVIN;4;sim;sim;-3,8608139;-38,5935386;AVENIDA PARQUE LESTE, 600, DISTRITO INDUSTRIAL, Maracanaú, 61939-130, Brasil;ok
2307304;Juazeiro do Norte;filial;filial_mesma_raiz;7196033000289;NORSA REFRIGERANTES S.A;;;73;sim;nao;-7,2445566;-39,290065;AVENIDA PAIZINHO SABIA, 460, PLANALTO, Juazeiro do Norte, 63047-224, Brasil;ok
2307650;Maracanaú;filial;protocolo_na_rais;7196033002141;NORSA REFRIGERANTES S.A;NORSA REFRIGERANTES S/A;PROVIN;1402;sim;sim;-3,854463;-38,620381;AVENIDA FRANCISCO IVENS DE SA DIAS BRANCO, S/N, DISTRITO INDUSTRIAL I, Maracanaú, 61939-150, Brasil;ok
2304400;Fortaleza;filial;filial_mesma_raiz;7196033003385;NORSA REFRIGERANTES S.A;;;502;sim;nao;-3,7373556;-38,5078095;AVENIDA BARAO DE STUDART, 1500, ALDEOTA, Fortaleza, 60120-024, Brasil;ok
2304400;Fortaleza;filial;filial_mesma_raiz;7196033003709;NORSA REFRIGERANTES S.A;;;917;sim;nao;-3,758018;-38,486156;AVENIDA WASHINGTON SOARES, 55, SL801A817901903A914, EDSON QUEIROZ, Fortaleza, 60811-341, Brasil;ok
2304400;Fortaleza;filial;filial_mesma_raiz;7196033006805;NORSA REFRIGERANTES S.A;;;65;sim;nao;-3,7373556;-38,5078095;AVENIDA BARAO DE STUDART, 1500, SALA A, ALDEOTA, Fortaleza, 60120-024, Brasil;ok
2305803;Ipu;filial;filial_mesma_raiz;7196033008000;NORSA REFRIGERANTES S.A;;;49;sim;nao;-4,3341965;-40,7108611;AVENIDA JOSE CARVALHO DE ARAGAO, 1133, BOA VISTA, Ipu, 62250-000, Brasil;ok
2304400;Fortaleza;filial;filial_mesma_raiz;7196033008182;NORSA REFRIGERANTES S.A;;;100;sim;nao;-3,750564;-38,5210669;AVENIDA VISCONDE DO RIO BRANCO, 3609, B, JOAQUIM TAVORA, Fortaleza, 60055-172, Brasil;ok
2303501;Cascavel;filial;filial_mesma_raiz;7196033009588;NORSA REFRIGERANTES S.A;;;71;sim;nao;-4,133;-38,238;RUA MARCIO LYCIO SEVE DE ABREU E LIMA, 5003, DISTRITO INDUSTRIAL, Cascavel, 62850-000, Brasil;falha
2304400;Fortaleza;matriz;protocolo_na_rais;7199805000155;GRANDE MOINHO CEARENSE SA;GRANDE MOINHO CEARENSE S/A;PROADE;229;sim;sim;-3,721649;-38,4786645;AVENIDA VICENTE DE CASTRO, 6043, ESPLANADA MUCURIPE, Fortaleza, 60180-422, Brasil;ok
2304400;Fortaleza;matriz;protocolo_na_rais;7203904000163;FABRICA SANTA INES;UNITEXTIL UNIAO INDUSTRIAL TEXT S/A;PROVIN;468;sim;sim;-3,7550156;-38,586982;AVENIDA AUDIZIO PINHEIRO, 298, DOM LUSTOSA, Fortaleza, 60526-025, Brasil;ok
2304285;Eusébio;matriz;protocolo_na_rais;7206816000115;M DIAS BRANCO S/A INDUSTRIA E COMERCIO DE ALIMENTOS;M DIAS BRANCO S/A INDUSTRIA E COMERCIO DE ALIMENTOS;PROVIN;3938;sim;sim;-3,9104966;-38,5061515;RODOVIA BR-116, S/N, KM 18, JABUTI, Eusébio, 61766-650, Brasil;ok
2304202;Crato;filial;filial_mesma_raiz;7206816000387;M DIAS BRANCO S.A. INDUSTRIA E COMERCIO DE ALIMENTOS;;;95;sim;nao;-7,232648;-39,413242;AVENIDA PADRE CICERO, S/N, KM 02, MURITI, Crato, 63132-000, Brasil;ok
2304400;Fortaleza;filial;protocolo_na_rais;7206816002401;M DIAS BRANCO S.A. INDUSTRIA E COMERCIO DE ALIMENTOS;M DIAS BRANCO S/A INDUSTRIA E COMERCIO DE ALIMENTOS;PROVIN;231;sim;sim;-3,716255;-38,475739;RUA BENEDITO MACEDO, SN, SN, CAIS DO PORTO, Fortaleza, 60180-415, Brasil;ok
2304400;Fortaleza;filial;protocolo_na_rais;7206816002835;M DIAS BRANCO S.A. INDUSTRIA E COMERCIO DE ALIMENTOS;M DIAS BRANCO S/A INDUSTRIA E COMERCIO DE ALIMENTOS;PROVIN;384;sim;sim;-3,719555;-38,472457;RUA JOSE SETUBAL PESSOA, 255, MUCURIPE, Fortaleza, 60180-560, Brasil;ok
2307650;Maracanaú;filial;filial_mesma_raiz;7206816004706;M DIAS BRANCO S.A. INDUSTRIA E COMERCIO DE ALIMENTOS;;;1227;sim;nao;-3,854463;-38,620381;AVENIDA PELAGIO DE OLIVEIRA BRANDAO, 2101, DISTRITO INDUSTRIAL I, Maracanaú, 61939-120, Brasil;ok
2304400;Fortaleza;matriz;filial_mesma_raiz;7231103000101;ITAUEIRA;;;161;sim;nao;-3,755797;-38,521174;RUA VICENTE NOGUEIRA BRAGA, 214, 1001 SL 1002 SL 1003 SL 1004 SL, FATIMA, Fortaleza, 60040-570, Brasil;ok
2301109;Aracati;filial;filial_mesma_raiz;7231103000969;ITAUEIRA AGROPECUARIA S A;;;17;sim;nao;-4,564818;-37,764002;OUTROS CEDRO DOS PEREIRAS, BR 304, KM 20, S/N, ZONA RURAL, ARACATI, Aracati, 62800-000, Brasil;ok
2310001;Palhano;filial;protocolo_na_rais;7231103001426;ITAUEIRA AGROPECUARIA S A;ITAUEIRA AGROPECUARIA S/A;PROVIN;25;sim;sim;;;;ignorado_endereco_insuficiente
2312304;São Benedito;filial;filial_mesma_raiz;7231103001698;ITAUEIRA AGROPECUARIA S A;;;413;sim;nao;-4,1317;-40,875538;SITIO CAMOCIM, S/N, LOCALIDADE DE INHUCU, São Benedito, 62370-000, Brasil;ok
2308708;Morada Nova;filial;filial_mesma_raiz;7231103001850;ITAUEIRA AGROPECUARIA S A;;;998;sim;nao;-5,097765;-38,373225;RODOVIA CE138, KM 15, S/N, FAZENDA NOVA, SAO JOAO DO ARUARU, Morada Nova, 62951-000, Brasil;ok
2304400;Fortaleza;matriz;protocolo_na_rais;7272825000104;GOLDEN MICROS;TECNO INDUSTRIA E COMERCIO DE COMPUTADORES LTDA;PROVIN;26;sim;sim;-3,8293234;-38,5024782;RUA MANUEL ARRUDA, 80, MESSEJANA, Fortaleza, 60842-090, Brasil;ok
2304400;Fortaleza;filial;filial_mesma_raiz;7272825000295;TECNO INDUSTRIA E COMERCIO DE COMPUTADORES LTDA;;;54;sim;nao;-3,7439884;-38,5120891;AVENIDA RUI BARBOSA, 2456, JOAQUIM TAVORA, Fortaleza, 60115-222, Brasil;ok
2304400;Fortaleza;filial;filial_mesma_raiz;7272825000376;TECNO INDUSTRIA E COMERCIO DE COMPUTADORES LTDA;;;38;sim;nao;-3,7348279;-38,4925204;AVENIDA DOM LUIS, 100, MEIRELES, Fortaleza, 60160-230, Brasil;ok
2304400;Fortaleza;filial;filial_mesma_raiz;7272825000457;TECNO INDUSTRIA E COMERCIO DE COMPUTADORES LTDA;;;190;sim;nao;-3,8264119;-38,5063841;RUA CLEIA, 440, BARROSO, Fortaleza, 60863-280, Brasil;ok
2304400;Fortaleza;filial;filial_mesma_raiz;7272825000538;TECNO INDUSTRIA E COMERCIO DE COMPUTADORES LTDA;;;24;sim;nao;-3,761228;-38,482472;AVENIDA WASHINGTON SOARES, 85, LOJA 415/416/417 E 418, EDSON QUEIROZ, Fortaleza, 60811-341, Brasil;ok
2304400;Fortaleza;filial;filial_mesma_raiz;7272825000880;TECNO INDUSTRIA E COMERCIO DE COMPUTADORES LTDA;;;19;sim;nao;-3,735273;-38,56547;AVENIDA BEZERRA DE MENEZES, 2450, LOJAS 401 A 404, SAO GERARDO, Fortaleza, 60325-902, Brasil;ok
2304400;Fortaleza;filial;protocolo_na_rais;7272825001003;TECNO INDUSTRIA E COMERCIO DE COMPUTADORES LTDA;TECNO INDUSTRIA E COMERCIO DE COMPUTADORES LTDA;PCDM;7;sim;sim;-3,8264119;-38,5063841;RUA CLEIA, 460, BARROSO, Fortaleza, 60863-280, Brasil;ok
2304400;Fortaleza;filial;filial_mesma_raiz;7272825001429;TECNO INDUSTRIA E COMERCIO DE COMPUTADORES LTDA;;;7;sim;nao;-3,739431;-38,540482;AVENIDA CARAPINIMA, 2200, LOJA 259A/259B/260A E 260B, SHOPPING BENFICA, BENFICA, Fortaleza, 60015-290, Brasil;ok
2307304;Juazeiro do Norte;filial;filial_mesma_raiz;7272825001500;TECNO INDUSTRIA E COMERCIO DE COMPUTADORES LTDA;;;12;sim;nao;-7,219108;-39,32481;AVENIDA PADRE CICERO, 2555, LOJA 68, CARIRI SHOPPING CENTER, TRINGULO, Juazeiro do Norte, 63041-140, Brasil;ok
2304400;Fortaleza;filial;filial_mesma_raiz;7272825001852;TECNO INDUSTRIA E COMERCIO DE COMPUTADORES LTDA;;;25;sim;nao;-3,7274541;-38,5289473;RUA BARAO DO RIO BRANCO, 1054, CENTRO, Fortaleza, 60025-061, Brasil;ok
2312908;Sobral;filial;filial_mesma_raiz;7272825002239;TECNO INDUSTRIA E COMERCIO DE COMPUTADORES LTDA;;;16;sim;nao;-3,696051;-40,34779;AVENIDA MONSENHOR ALOISIO PINTO, 300, LOJA 043 TERREO SOBRAL SHOPPING CENTER, DOM EXPEDITO, Sobral, 62050-255, Brasil;ok
2304400;Fortaleza;filial;filial_mesma_raiz;7272825002662;TECNO INDUSTRIA E COMERCIO DE COMPUTADORES LTDA;;;11;sim;nao;-3,777283;-38,547017;AVENIDA GERMANO FRANCK, 720, PARANGABA, Fortaleza, 60740-020, Brasil;ok
2304400;Fortaleza;filial;filial_mesma_raiz;7272825003049;TECNO INDUSTRIA E COMERCIO DE COMPUTADORES LTDA;;;16;sim;nao;-3,741261;-38,470743;"RUA LAURO NOGUEIRA, 1500, LOJA: 1066 E 1067 1 PISO;, PAPICU, Fortaleza, 60176-065, Brasil";ok
2307650;Maracanaú;filial;filial_mesma_raiz;7272825003120;TECNO INDUSTRIA E COMERCIO DE COMPUTADORES LTDA;;;11;sim;nao;-3,869405;-38,629456;RUA 47 (CJ JEREISSATI II), 20, TERREOLOJA 01, JEREISSATI II, Maracanaú, 61901-070, Brasil;ok
2304400;Fortaleza;filial;filial_mesma_raiz;7272825003553;TECNO INDUSTRIA E COMERCIO DE COMPUTADORES LTDA;;;11;sim;nao;-3,826051;-38,493609;AVENIDA FREI CIRILO, 3840, LOJA 64 LOJA 65 LOJA 66, MESSEJANA, Fortaleza, 60840-285, Brasil;ok
2307304;Juazeiro do Norte;filial;filial_mesma_raiz;7272825005254;TECNO INDUSTRIA E COMERCIO DE COMPUTADORES LTDA;;;19;sim;nao;-7,2173222;-39,3185599;RUA SAO PEDRO, 1266, SALESIANOS, Juazeiro do Norte, 63050-270, Brasil;ok
2304400;Fortaleza;filial;filial_mesma_raiz;7272825005335;TECNO INDUSTRIA E COMERCIO DE COMPUTADORES LTDA;;;1;sim;nao;-3,8264119;-38,5063841;RUA CLEIA, 400, BARROSO, Fortaleza, 60863-280, Brasil;ok
2304285;Eusébio;filial;filial_mesma_raiz;7272825005505;TECNO INDUSTRIA E COMERCIO DE COMPUTADORES LTDA;;;15;sim;nao;-3,888035;-38,456059;AVENIDA EUSEBIO DE QUEIROZ, 1890, LOJA 05 A, TAMATANDUBA, Eusébio, 61760-000, Brasil;ok
2304400;Fortaleza;filial;filial_mesma_raiz;7272825005688;TECNO INDUSTRIA E COMERCIO DE COMPUTADORES LTDA;;;1;sim;nao;-3,802366;-38,588371;AVENIDA WALDIR DIOGO, 1138, LOJA 26 LOJA 25, NOVO MONDUBIM, Fortaleza, 60764-020, Brasil;ok
2307304;Juazeiro do Norte;matriz;protocolo_sem_rais;7276332000142;IDECAL INDUSTRIA DE CALCADOS LTDA;IDECAL INDUSTRIA DE CALCADOS LTDA;PROVIN;0;nao;sim;-7,2458001;-39,3020922;RUA VICENTE TEIXEIRA DE MACEDO, 730, CIDADE UNIVERSITARIA, Juazeiro do Norte, 63048-068, Brasil;ok
2304400;Fortaleza;matriz;protocolo_na_rais;7281413000130;FAE FERRAGENS E APARELHOS ELETRICOS S/A;FAE SISTEMAS DE MEDIÇÃO S.A.;PROVIN;198;sim;sim;-3,8430253;-38,4943971;RUA PADRE PEDRO DE ALENCAR, 2363, PARQUE SANTA MARIA, Fortaleza, 60840-280, Brasil;ok
2304400;Fortaleza;matriz;protocolo_na_rais;7284656000122;RANCO;RANCO EMBALAGENS S/A;PROVIN;141;sim;sim;-3,739272;-38,539073;RODOVIA BR 116, 1000, KM 05, CAJAZEIRAS, Fortaleza, 60864-190, Brasil;ok
2304400;Fortaleza;matriz;protocolo_na_rais;7295413000190;PASSAMANARIA;PASSAMANARIA DO NORDESTE SA;PROVIN;559;sim;sim;-3,752944;-38,594042;RUA PROFESSOR VIEIRA, 350, / 410, AUTRAN NUNES, Fortaleza, 60526-450, Brasil;ok
2304400;Fortaleza;matriz;protocolo_na_rais;7316197000111;QUIMIFLEX IND E COM DE PRODUTOS QUIMICOS;EVC INDUSTRIAL LTDA;PROVIN;715;sim;sim;-3,8465415;-38,4880124;RUA LUIZ FRANCISCO XAVIER, 520, PAUPINA, Fortaleza, 60872-508, Brasil;ok
2304400;Fortaleza;filial;protocolo_na_rais;7316197000200;EVC INDUSTRIAL LTDA;EVC INDUSTRIAL LTDA;PCDM;4;sim;sim;-3,8414031;-38,4840836;RUA BARAO AQUIRAZ, 1415, PAUPINA, Fortaleza, 60871-684, Brasil;ok
2307650;Maracanaú;filial;filial_mesma_raiz;7316197000383;EVC INDUSTRIAL LTDA;;;5;sim;nao;-3,878017;-38,626067;AVENIDA PADRE JOSE HOLANDA DO VALE, 1200, LOJA 7, LUZARDO VIANA, Maracanaú, 61910-000, Brasil;ok
2303709;Caucaia;filial;filial_mesma_raiz;7316197000464;EVC INDUSTRIAL LTDA;;;4;sim;nao;-3,767968;-38,636105;AVENIDA SAO VICENTE DE PAULA, 101, LOJA 19, ARATURI (JUREMA), Caucaia, 61655-000, Brasil;ok
2304400;Fortaleza;filial;filial_mesma_raiz;7316197000545;EVC INDUSTRIAL LTDA;;;8;sim;nao;-3,742819;-38,511034;AVENIDA ANTONIO SALES, 1438, A B, JOAQUIM TAVORA, Fortaleza, 60135-100, Brasil;ok
2304400;Fortaleza;filial;filial_mesma_raiz;7316197000626;EVC INDUSTRIAL LTDA;;;80;sim;nao;-3,8361659;-38,4889525;RUA BARAO AQUIRAZ, 850, MESSEJANA, Fortaleza, 60871-165, Brasil;ok
2304285;Eusébio;filial;filial_mesma_raiz;7316197000898;EVC INDUSTRIAL LTDA;;;160;sim;nao;-15,95267;-55,369357;RODOVIA BR-116, 7993, GALPAO02, SANTO ANTONIO, Eusébio, 61767-590, Brasil;ok
2307650;Maracanaú;matriz;protocolo_na_rais;7329386000129;COBAP;COBAP COMERCIO E BENEFICIAMENTO DE ARTEFATOS DE PAPEL LTDA;PROVIN;358;sim;sim;-3,8768403;-38,5969398;AVENIDA WILSON CAMURCA, 145, DISTRITO INDUSTRIAL I, Maracanaú, 61939-000, Brasil;ok
2309607;Pacajus;filial;protocolo_na_rais;7332190000860;VICUNHA TEXTIL S/A.;VICUNHA TEXTIL S/A;PROADE;887;sim;sim;-4,168755;-38,470337;RODOVIA BR 116, SN, KM 45, ZONA RURAL, Pacajus, 62870-000, Brasil;ok
2307650;Maracanaú;filial;protocolo_na_rais;7332190001246;VICUNHA TEXTIL S/A.;VICUNHA TEXTIL S/A;PROADE;2387;sim;sim;-3,854463;-38,620381;RODOVIA DOUTOR MENDEL STEINBRUCH, S/N, KM 09 SETOR SI, DISTRITO INDUSTRIAL I, Maracanaú, 61939-210, Brasil;ok
2307650;Maracanaú;filial;protocolo_na_rais;7358761001300;GERDAU ACOS LONGOS S.A.;GERDAU AÇOS LONGOS S.A.;PROVIN;263;sim;sim;-3,854463;-38,620381;AVENIDA PELAGIO DE OLIVEIRA BRANDAO, 1400, DISTRITO INDUSTRIAL I, Maracanaú, 61939-120, Brasil;ok
2304400;Fortaleza;filial;filial_mesma_raiz;7358761021328;GERDAU ACOS LONGOS S.A.;;;31;sim;nao;-3,7100578;-38,5664126;"RUA PEDRO AMERICO, 200, : PARTE;, CRISTO REDENTOR, Fortaleza, 60337-220, Brasil";ok
2307304;Juazeiro do Norte;filial;filial_mesma_raiz;7358761021913;GERDAU ACOS LONGOS S.A.;;;11;sim;nao;-7,214005;-39,3258896;"RUA DAS FLORES, 905, : PARTE;, SALESIANOS, Juazeiro do Norte, 63050-290, Brasil";ok
2303709;Caucaia;filial;protocolo_na_rais;7358761034578;GERDAU ACOS LONGOS S.A.;GERDAU AÇOS LONGOS S.A.;PROADE;247;sim;sim;-3,712685;-38,822017;RODOVIA ROD BR 222, SN, KM KM32 PRIMAVERA, GUARARU, Caucaia, 61690-000, Brasil;ok
2307650;Maracanaú;matriz;protocolo_na_rais;7467822000126;AGRIPEC QUIMICA E FARMACEUTICA S/A;SUMITOMO CHEMICAL BRASIL INDUSTRIA QUIMICA S.A.;PROVIN;698;sim;sim;-3,8685746;-38,6142364;AVENIDA WILSON CAMURCA, 2138, DISTRITO INDUSTRIAL I, Maracanaú, 61939-000, Brasil;ok
2301000;Aquiraz;filial;protocolo_na_rais;7526557000886;AMBEV S.A.;AMBEV S.A.;PROVIN;512;sim;sim;-4,011561;-38,513971;RODOVIA BR 116 (CROATA-JUSTINIANO DE SERPA), S/N, KM 32, CROATA, Aquiraz, 61700-000, Brasil;ok
2304400;Fortaleza;matriz;filial_mesma_raiz;7557333000165;ACO CEARENSE;;;397;sim;nao;-3,7266192;-38,5044264;AVENIDA BARAO DE STUDART, 300, SALA 1401 A 1516, MEIRELES, Fortaleza, 60120-000, Brasil;ok
2304400;Fortaleza;filial;filial_mesma_raiz;7557333000750;ACO CEARENSE COMERCIAL LTDA;;;108;sim;nao;-3,7268763;-38,544902;AVENIDA DUQUE DE CAXIAS, 2000, JACARECANGA, Fortaleza, 60035-078, Brasil;ok
2303709;Caucaia;filial;protocolo_sem_rais;7557333001056;AÇO CEARENSE COMERCIAL LTDA;AÇO CEARENSE COMERCIAL LTDA;PCDM;0;nao;sim;-3,716167;-38,667422;RODOVIA BR 222, S/N, KM 21-A, GENIPABU, Caucaia, 61616-000, Brasil;ok
2304400;Fortaleza;filial;filial_mesma_raiz;7557333001480;ACO CEARENSE COMERCIAL LTDA;;;113;sim;nao;-3,7266192;-38,5044264;AVENIDA BARAO DE STUDART, 300, SALA 2001 A 2013, MEIRELES, Fortaleza, 60120-000, Brasil;ok
2304400;Fortaleza;matriz;filial_mesma_raiz;7576952000105;NATURAGUA AGUAS MINERAIS INDUSTRIA E COMERCIO S.A;;;376;sim;nao;-3,8259626;-38,4701144;AVENIDA PROFESSOR JOSE ARTHUR DE CARVALHO, 1001, LAGOA REDONDA, Fortaleza, 60831-370, Brasil;ok
2305233;Horizonte;filial;protocolo_na_rais;7576952000440;NATURAGUA AGUAS MINERAIS INDUSTRIA E COMERCIO S.A;NATURAGUA ÁGUAS MINERAIS INDUSTRIA E COMERCIO S/A;PROVIN;289;sim;sim;-4,0932;-38,492474;FAZENDA MEUZAMOR, S/N, DOURADO, Horizonte, 62898-000, Brasil;ok
2311009;Poranga;filial;filial_mesma_raiz;7576952000792;NATURAGUA AGUAS MINERAIS INDUSTRIA E COMERCIO S.A;;;33;sim;nao;-4,747817;-40,92625;SITIO PALESTINA, SN, KM 04 - RODOVIA BR 404, ZONA RURAL, Poranga, 62220-000, Brasil;ok
2304400;Fortaleza;matriz;protocolo_na_rais;7603376000130;TBM S/A INDUSTRIA TEXTIL;TBM S A INDUSTRIA TEXTIL;PROADE;1726;sim;sim;-3,8021002;-38,5524209;AVENIDA BERNARDO MANUEL, 9981, A, PARQUE DOIS IRMAOS, Fortaleza, 60761-281, Brasil;ok
2304400;Fortaleza;filial;filial_mesma_raiz;7603376000644;TBM S A INDUSTRIA TEXTIL;;;37;sim;nao;-3,80518;-38,553734;AVENIDA BERNARDO MANUEL, 9970, B, RACHEL DE QUEIROZ, Fortaleza, 60761-282, Brasil;ok
2307650;Maracanaú;filial;filial_mesma_raiz;7603376000725;TBM S A INDUSTRIA TEXTIL;;;32;sim;nao;-3,844089;-38,598889;AVENIDA PARQUE NORTE-2, 570, LETRA A GALPAO04, DISTRITO INDUSTRIAL I, Maracanaú, 61939-180, Brasil;ok
2307650;Maracanaú;filial;filial_mesma_raiz;7603376000806;TBM S A INDUSTRIA TEXTIL;;;9;sim;nao;-3,844089;-38,598889;AVENIDA PARQUE NORTE-2, 570 A, GALPAO01, DISTRITO INDUSTRIAL I, Maracanaú, 61939-180, Brasil;ok
2301109;Aracati;filial;protocolo_na_rais;7604556000640;EMPRESA BRASILEIRA DE BEBIDAS E ALIMENTOS S/A;EMPRESA BRASILEIRA DE BEBIDAS E ALIMENTOS S/A;PROVIN;216;sim;sim;-4,578368;-37,724328;RODOVIA BR 304 - KM 55,2, S/N, KM 55,2, ALTO DA CHEIA, Aracati, 62800-000, Brasil;ok
2301109;Aracati;filial;filial_mesma_raiz;7604556001450;EMPRESA BRASILEIRA DE BEBIDAS E ALIMENTOS S/A;;;1;sim;nao;-4,5572967;-37,7643558;RUA DUQUE DE CAXIAS, 2016, CENTRO, Aracati, 62800-000, Brasil;ok
2307700;Maranguape;matriz;protocolo_na_rais;7634785000101;COOPERATIVA AGRICOLA MISTA DE MARANGUAPE LTDA;COOPERATIVA AGRICOLA MISTA DE MARANGUAPE LTDA;PROVIN;278;sim;sim;-3,726668;-38,526411;RUA JOSE FERNANDES VIEIRA, SN, CENTRO, Maranguape, 61940-005, Brasil;ok
2311405;Quixeramobim;filial;filial_mesma_raiz;7634785000284;COOPERATIVA AGRICOLA MISTA DE MARANGUAPE LTDA;;;15;sim;nao;-5,446636;-39,195583;RUA LARGO DO MACHADO, S/N, CENTRO, Quixeramobim, 63800-000, Brasil;ok
2305506;Iguatu;filial;filial_mesma_raiz;7634785000446;COOPERATIVA AGRICOLA MISTA DE MARANGUAPE LTDA;;;13;sim;nao;-6,3569399;-39,3059437;RUA CESARIO ASSUNCAO, 40, AREIAS, Iguatu, 63500-005, Brasil;ok
2307700;Maranguape;filial;filial_mesma_raiz;7634785000799;COOPERATIVA AGRICOLA MISTA DE MARANGUAPE LTDA;;;3;sim;nao;-3,904549;-38,680434;RUA DESEMBARGADOR PONTES VIEIRA, 4, CENTO, Maranguape, 61940-165, Brasil;ok
2309706;Pacatuba;matriz;protocolo_na_rais;7740790000190;QUIMIL - INDUSTRIA E COMERCIO DE RESINAS, CARGAS MINER;HIDROTINTAS CAL E CARGAS LTDA;PROVIN;35;sim;sim;-3,832985;-38,58158;AVENIDA DOUTOR MENDEL STEINBRUCH, 4533, PAVUNA, Pacatuba, 61809-320, Brasil;ok
2300150;Acarape;filial;filial_mesma_raiz;7740790000271;HIDROTINTAS CAL E CARGAS LTDA;;;11;sim;nao;-4,222748;-38,703345;RUA RODOVIA 354, KM 4, S/N, CANTA GALO ( ZONA RURAL), Acarape, 62787-000, Brasil;ok
2304285;Eusébio;matriz;protocolo_na_rais;7801309000120;BIOMATIKA INDUSTRIA E COM. DE PRODUTOS NAT.LTDA EPP.;BIOMATIKA INDUSTRIA E COMERCIO DE PRODUTOS NATURAIS S/A;PROVIN;79;sim;sim;-3,8800817;-38,4593786;AVENIDA EUSEBIO DE QUEIROZ, 4969, CENTRO, Eusébio, 61760-000, Brasil;ok
2312908;Sobral;matriz;filial_mesma_raiz;7815053000100;FABRICA DELRIO;;;16;sim;nao;-3,6848676;-40,34822;BOULEVARD JOAO BARBOSA, 626, CENTRO, Sobral, 62010-190, Brasil;ok
2312908;Sobral;filial;protocolo_na_rais;7815053000290;DELRIO REFRIGERANTES LTDA;DELRIO REFRIGERANTES LTDA;PROVIN;277;sim;sim;-3,6989973;-40,3708532;RODOVIA BR-222, 5630, PADRE PALHANO, Sobral, 62016-405, Brasil;ok
2304400;Fortaleza;filial;filial_mesma_raiz;7815053000371;DELRIO REFRIGERANTES LTDA;;;8;sim;nao;-3,8732298;-38,4971993;RUA BENEDITO DE SOUZA, 321, PAUPINA, Fortaleza, 60874-290, Brasil;ok
2312908;Sobral;matriz;protocolo_na_rais;7815640000107;MOAGEIRA SERRA GRANDE LTDA;MOAGEIRA SERRA GRANDE EIRELI;PROVIN;3;sim;sim;-3,691386;-40,356083;BR 222, KM 223, SN, DISTRITO INDUSTRIAL, Sobral, 62051-060, Brasil;ok
2302800;Canindé;filial;protocolo_na_rais;7836977000273;INDUSTRIA DE CALCADOS GONCALVES LTDA.;INDÚSTRIA DE CALÇADOS GONÇALVES LTDA;PROVIN;368;sim;sim;-4,355403;-39,310333;AVENIDA RAIMUNDO ALCOFORADO, 777-A, ALTO GUARAMIRANGA, Canindé, 62700-000, Brasil;ok
2302800;Canindé;filial;protocolo_na_rais;7861712000225;RUBBERLOSS INDUSTRIA DE CALCADOS E COMPONENTES LTDA;RUBBERLOSS INDUSTRIA DE ARTEFATOS DE BORRACHA LTDA;PROVIN;618;sim;sim;-4,355403;-39,310333;RUA RAIMUNDO ALCOFORADO, 597, A, ALTO GUARAMIRANGA, Canindé, 62700-000, Brasil;ok
2304400;Fortaleza;matriz;protocolo_na_rais;7945637000108;INDUMETAL;INDUSTRIA METALURGICA DE CARLITO PAMPLONA LTDA;PROVIN;43;sim;sim;-3,7112256;-38,5715846;RUA FRANCISCO CALACA, 1045, CRISTO REDENTOR, Fortaleza, 60337-387, Brasil;ok
2307650;Maracanaú;matriz;protocolo_na_rais;7945652000148;PEMALEX INDUSTRIA E COMERCIO LTDA;PEMALEX INDUSTRIA E COMERCIO LTDA;PROVIN;55;sim;sim;-3,8520449;-38,5883423;RODOVIA DOUTOR MENDEL STEINBRUCH, KM 07, DISTRITO INDUSTRIAL I, Maracanaú, 61939-210, Brasil;ok
2304400;Fortaleza;filial;protocolo_na_rais;7965203000242;COMPANNY DO BRASIL IMPORTACAO E EXPORTACAO DE PECAS LT;COMPANNY DO BRASIL IMPORTACAO E EXPORTACAO DE PECAS LTDA;PCDM;53;sim;sim;-3,7294438;-38,5852164;AVENIDA CORONEL CARVALHO, 2978, OLAVO OLIVEIRA, Fortaleza, 60351-364, Brasil;ok
2307650;Maracanaú;matriz;protocolo_na_rais;8008080000133;INAPI-INDUSTRIA NORDESTINA DE ACES. IRRIGACAO LTDA EPP;INDUSTRIA NORDESTINA DE ACESSORIOS PARA IRRIGACAO LTDA.;PROVIN;222;sim;sim;-3,8515204;-38,6007489;AVENIDA PARQUE OESTE, 2160, DISTRITO INDUSTRIAL I, Maracanaú, 61939-120, Brasil;ok
2307304;Juazeiro do Norte;matriz;filial_mesma_raiz;8143344000161;ARPLAST RECICLAGEM;;;198;sim;nao;-7,1766784;-39,3092933;AVENIDA JOAQUIM ROMAO BATISTA, 567, TRES MARIAS, Juazeiro do Norte, 63015-130, Brasil;ok
2307304;Juazeiro do Norte;filial;protocolo_na_rais;8143344000323;AMBIPAR ENVIRONMENT ECONOMIA CIRCULAR NORDESTE S.A;AMBIPAR ENVIRONMENT ECONOMIA CIRCULAR NORDESTE S.A.;PCDM;200;sim;sim;-7,2518646;-39,3497411;RUA JOSIAS INOJOSA DE OLIVEIRA, 6000, LOTE 4, DISTRITO INDUSTRIAL, Juazeiro do Norte, 63045-010, Brasil;ok
2303501;Cascavel;matriz;protocolo_na_rais;8175053000155;MARTEXTIL;MARTEXTIL INDUSTRIA E COMERCIO TEXTIL LTDA;PROVIN;283;sim;sim;-4,129;-38,245;RODOVIA CE 253, 4955, KM 2, ZONA RURAL, Cascavel, 62850-000, Brasil;falha
2305233;Horizonte;matriz;protocolo_na_rais;8193994000111;VULCABRAS DISTRIBUIDORA DE ARTIGOS ESPORTIVOS LTDA;VULCABRAS DISTRIBUIDORA DE ARTIGOS ESPORTIVOS LTDA;PCDM;16;sim;sim;-19,9532428;-44,0104411;AVENIDA PRESIDENTE CASTELO BRANCO, 6847, SETOR L, DISTRITO INDUSTRIAL, Horizonte, 62884-790, Brasil;ok
2307650;Maracanaú;matriz;protocolo_na_rais;8208505000158;PLASTICOS LUMAR;LUMAR INDUSTRIA E COMERCIO DE PLASTICOS LTDA;PROVIN;254;sim;sim;-3,8562634;-38,6182207;AVENIDA RAIMUNDO NONATO DE SOUSA, 111, JENIPAPEIRO, Maracanaú, 61906-055, Brasil;ok
2307650;Maracanaú;matriz;protocolo_na_rais;8386287000141;BERMAS MARACANAU INDUSTRIA E COMERCIO DE COURO LTDA;BERMAS MARACANAÚ INDÚSTRIA E COMÉRCIO DE COURO LTDA;PROVIN;264;sim;sim;-3,8486487;-38,5978973;AVENIDA SENADOR VIRGILIO TAVORA, S/N, DISTRITO INDUSTRIAL I, Maracanaú, 61939-160, Brasil;ok
2307304;Juazeiro do Norte;matriz;protocolo_na_rais;8397578000135;BRASIL INJECT IND DE COMPONENTES E CALCADOS LTDA;EVA BRASIL INDUSTRIA DE COMPONENTES E CALÇADOS LTDA;PROVIN;205;sim;sim;-7,224012;-39,305515;AVENIDA MADRE MARIA NELY SOBREIRA, 710, LEANDRO BEZERRA DE MENESES, Juazeiro do Norte, 63035-215, Brasil;ok
2307304;Juazeiro do Norte;matriz;protocolo_na_rais;8472909000154;RIO DO PEIXE IND E COM. DE AGUA MINERAL E ALIMENTOS LT;RIO DO PEIXE INDUSTRIA DE ÁGUA MINERAL LTDA;PROVIN;109;sim;sim;-7,230697;-39,312187;AVENIDA AILTON GOMES DE ALENCAR, 4821, PLANALTO, Juazeiro do Norte, 63047-165, Brasil;ok
2307650;Maracanaú;matriz;protocolo_na_rais;8823011000183;FILATI INDUSTRIA DE MALHAS E COMERCIO DE COMMODITIES L;FILATI INDUSTRIA DE MALHAS S/A;PROVIN;5;sim;sim;-3,8440888;-38,5988889;AVENIDA PARQUE NORTE-2, 570, GALPAOD, DISTRITO INDUSTRIAL I, Maracanaú, 61939-180, Brasil;ok
2304285;Eusébio;filial;protocolo_na_rais;8944601000245;VILLAS BOAS RADIOFARMACOS BRASIL S/A;VILLAS BOAS RADIOFÁRMACOS BRASIL S/A;PROVIN;15;sim;sim;-3,895;-38,459;RUA VALDEMAR PEREIRA DE QUEIROZ, 185, QUADRA 12 LOTE 01 A 05, CAUACU, Eusébio, 61760-000, Brasil;falha
2307700;Maranguape;matriz;protocolo_na_rais;8981339000128;FORTALPLAST - INDUSTRIA DE PLASTICOS LTDA;CLEAN FORTAL INDÚSTRIA E COMÉRCIO DE PLÁSTICOS LTDA;PROVIN;51;sim;sim;-3,9220128;-38,6890071;AVENIDA JOAQUIM LOPES DE ABREU, 2407, NOVO PARQUE IRACEMA, Maranguape, 61949-210, Brasil;ok
2303709;Caucaia;filial;filial_mesma_raiz;8981339000390;CLEAN FORTAL INDUSTRIA E COMERCIO DE PLASTICOS LTDA;;;1;sim;nao;-3,768;-38,621;RUA 43 (LOT LINO DA SILVEIRA), 154, TOCO (JUREMA), Caucaia, 61663-195, Brasil;falha
2301000;Aquiraz;matriz;protocolo_na_rais;9177724000180;AMAZON TEMPER INDUSTRIA E COMERCIO DE VIDROS TEMPERADO;AMAZON TEMPER INDÚSTRIA E COMÉRCIO DE VIDROS TEMPERADOS LTDA;PROVIN;152;sim;sim;-3,948;-38,472;RODOVIA BR 116 KM 23, 23000, PARQUE GIBOIA, CAMARA, Aquiraz, 61700-000, Brasil;falha
2312908;Sobral;filial;protocolo_na_rais;9177724000341;AMAZON TEMPER INDUSTRIA E COMERCIO DE VIDROS TEMPERADO;AMAZON TEMPER INDUSTRIA E COMERCIO DE VIDROS TEMPERADOS LTDA;PROVIN;39;sim;sim;-6,109246;-35,12488;RUA DOS LAGOS, 215, LOTE LOTE 15 DA Q-06, CIDADE GERARDO CRISTINO DE MENEZES, Sobral, 62051-253, Brasil;ok
2304400;Fortaleza;filial;filial_mesma_raiz;9177724000503;AMAZON TEMPER INDUSTRIA E COMERCIO DE VIDROS TEMPERADO;;;20;sim;nao;-3,7177213;-38,5768902;RUA GRACA ARANHA, 898, GALPAO 01, FLORESTA, Fortaleza, 60336-228, Brasil;ok
2307304;Juazeiro do Norte;matriz;protocolo_na_rais;9399618000140;VULCAMAX INDUSTRIA E COMERCIO DE PRODUTOS VULCANIZADOS;VULCAMAX INDUSTRIA E COMERCIO DE PRODUTOS VULCANIZADOS LTDA;PROVIN;1;sim;sim;-7,19878;-39,2977;ESTRADA DO CARITE, 89, CARITE, Juazeiro do Norte, 63017-050, Brasil;ok
2304285;Eusébio;filial;protocolo_na_rais;9424716000271;MI2 COMERCIAL IMPORTADORA E EXPORTADORA LTDA;MI2 COMERCIAL IMPORTADORA E EXPORTADORA LTDA;PCDM;21;sim;sim;-15,95267;-55,369357;RODOVIA BR-116, S/N, GALPAO07, SANTO ANTONIO, Eusébio, 61767-590, Brasil;ok
2312403;São Gonçalo do Amarante;matriz;protocolo_na_rais;9509535000167;ARCELORMITTAL PECEM S.A.;ARCELORMITTAL PECÉM S.A.;PROADE;2758;sim;sim;-3,542821;-38,865563;RODOVIA ROD CE 155, S/N, KM 11,5, PECEM, São Gonçalo do Amarante, 62674-000, Brasil;ok
2303709;Caucaia;filial;protocolo_na_rais;9608037000252;OUROFERTIL NORDESTE LTDA;OUROFERTIL NORDESTE LTDA;PCDM;16;sim;sim;-3,716167;-38,667422;RODOVIA CE-155, S/N, KM 11.4-PREDIO 1, INDUSTRIAL, Caucaia, 61668-150, Brasil;ok
2303709;Caucaia;filial;protocolo_na_rais;9608037000767;OUROFERTIL NORDESTE LTDA;OUROFERTIL NORDESTE LTDA;PROVIN;31;sim;sim;-3,716167;-38,667422;RODOVIA CE-155, S/N, KM 11.4, INDUSTRIAL, Caucaia, 61668-150, Brasil;ok
2304400;Fortaleza;filial;protocolo_sem_rais;10158356006819;CPX DISTRIBUIDORA S.A.;CPX DISTRIBUIDORA S.A.;PCDM;0;nao;sim;-3,8389405;-38,5023642;RUA NEUZINHA PARENTE, 600, A, JANGURUSSU, Fortaleza, 60870-810, Brasil;ok
2307650;Maracanaú;matriz;protocolo_na_rais;10220089000155;LUNELLI TEXTIL NORDESTE LTDA;LUNELLI TEXTIL NORDESTE LTDA.;PROADE;972;sim;sim;-3,861386;-38,6162196;AVENIDA MANOEL MOREIRA LIMA, 320, JENIPAPEIRO, Maracanaú, 61906-010, Brasil;ok
2304400;Fortaleza;matriz;filial_mesma_raiz;10260249000190;COMPANHIA INDUSTRIAL DE CIMENTO APODI;;;51;sim;nao;-3,788108;-38,47987;AVENIDA WASHINGTON SOARES, 3663, 4 ANDAR TORRE 1, EDSON QUEIROZ, Fortaleza, 60811-341, Brasil;ok
2303709;Caucaia;filial;protocolo_na_rais;10260249000270;COMPANHIA INDUSTRIAL DE CIMENTO APODI;COMPANHIA INDUSTRIAL DE CIMENTO APODI;PROVIN;80;sim;sim;-3,683874;-38,912145;RODOVIA CE 422, S/N, KM 3.5, CATUANA, Caucaia, 61680-000, Brasil;ok
2311504;Quixeré;filial;protocolo_na_rais;10260249000351;COMPANHIA INDUSTRIAL DE CIMENTO APODI;COMPANHIA INDUSTRIAL DE CIMENTO APODI;PROADE;329;sim;sim;-5,071351;-37,983225;RODOVIA CE 356 KM 30, S/N, DISTRITO DE BOM SUCESSO, Quixeré, 62920-000, Brasil;ok
2304285;Eusébio;filial;filial_mesma_raiz;10260249000432;COMPANHIA INDUSTRIAL DE CIMENTO APODI;;;17;sim;nao;-3,876044;-38,456817;ESTRADA COLONIA DE FERIAS DA COELCE, S/N, KM 06, MANGABEIRA, Eusébio, 61760-000, Brasil;ok
2304400;Fortaleza;filial;filial_mesma_raiz;10260249000785;COMPANHIA INDUSTRIAL DE CIMENTO APODI;;;60;sim;nao;-3,739272;-38,539073;RUA GENEROSO FRANCA, SN, Q047, PEDRAS, Fortaleza, 60874-350, Brasil;ok
2304400;Fortaleza;filial;filial_mesma_raiz;10260249001161;COMPANHIA INDUSTRIAL DE CIMENTO APODI;;;3;sim;nao;-3,739272;-38,539073;RUA GENEROSO FRANCA, 85, PEDRAS, Fortaleza, 60874-350, Brasil;ok
2307304;Juazeiro do Norte;filial;filial_mesma_raiz;10260249001323;COMPANHIA INDUSTRIAL DE CIMENTO APODI;;;2;sim;nao;-7,2293676;-39,3396284;RUA RAFAEL MALZONI, 600, SAO JOSE, Juazeiro do Norte, 63024-030, Brasil;ok
2303956;Chorozinho;filial;filial_mesma_raiz;10260249001595;COMPANHIA INDUSTRIAL DE CIMENTO APODI;;;1;sim;nao;-4,41667;-38,43333;FAZENDA FAZENDA LAGOA DAS PEDRAS DO CHORO, KM 65, KM 65, Chorozinho, 62875-000, Brasil;ok
2306900;Jaguaribe;matriz;protocolo_sem_rais;10267323000108;L & P COMERCIO E INDUSTRIA DE FRUTAS LTDA;L & P COMERCIO E INDUSTRIA DE FRUTAS LTDA;PROVIN;0;nao;sim;-5,945777;-38,907997;ESTRADA FAZ CONCEICAO, S/N, ESTRADA FEITI CEIRO KM 04, ZONA RURAL, Jaguaribe, 63475-000, Brasil;ok
2310803;Pereiro;matriz;protocolo_na_rais;10417944000112;NOSSA FRUTA BRASIL INDUSTRIA DE ALIMENTOS LTDA;NOSSA FRUTA BRASIL INDUSTRIA DE ALIMENTOS LTDA;PROVIN;337;sim;sim;-6,042;-38,461;RODOVIA CE 138 - KM 14, S/N, ESTRADA CARROCAL BRISA - 1,2 KM DA RODOVIA - SITIO SERROTE VERDE, ZONA RURAL, Pereiro, 63460-000, Brasil;falha
2304400;Fortaleza;matriz;filial_mesma_raiz;10483444000189;COMPANHIA BRASILEIRA DE LACTICINIOS-CBL;;;579;sim;nao;-3,74896;-38,544925;RUA CARLOS CAMARA, 1454, JARDIM AMERICA, Fortaleza, 60020-150, Brasil;ok
2308708;Morada Nova;filial;protocolo_na_rais;10483444000260;ALVOAR LACTEOS NORDESTE S/A;ALVOAR LACTEOS NORDESTE S/A;PROVIN;1096;sim;sim;-5,105;-38,37;AVENIDA VEREADOR PAULO RABELO DE BRITO, 701, GIRAO MAIA, Morada Nova, 62942-552, Brasil;falha
2311405;Quixeramobim;filial;filial_mesma_raiz;10483444001070;ALVOAR LACTEOS NORDESTE S/A;;;2;sim;nao;-5,194479;-39,294006;RODOVIA CE 01, SN, KM 131, ESTRADA DO ALGODAO, Quixeramobim, 63800-000, Brasil;ok
2305506;Iguatu;filial;filial_mesma_raiz;10483444001150;ALVOAR LACTEOS NORDESTE S/A;;;3;sim;nao;-6,3743262;-39,2960535;RUA ISMAEL LIMA VERDE, 220, ALTO DO JUCA, Iguatu, 63500-005, Brasil;ok
2308708;Morada Nova;filial;filial_mesma_raiz;10483444001312;ALVOAR LACTEOS NORDESTE S/A;;;27;sim;nao;-5,101;-38,368;RUA DEPUTADO MUNDUCA CAVALCANTE, 457, PARQUE DE EXPOSICOES, Morada Nova, 62940-000, Brasil;falha
2301901;Barbalha;filial;filial_mesma_raiz;10483444003870;ALVOAR LACTEOS NORDESTE S/A;;;77;sim;nao;-7,2862946;-39,3199699;AVENIDA LEAO SAMPAIO, 3608, GALPAOA, BULANDEIRA, Barbalha, 63180-000, Brasil;ok
2312908;Sobral;filial;filial_mesma_raiz;10483444004176;ALVOAR LACTEOS NORDESTE S/A;;;63;sim;nao;-3,7058255;-40,3449766;RUA DO ATACADO, 637, CIDADE GERARDO CRISTINO DE MENEZES, Sobral, 62050-243, Brasil;ok
2313500;Trairi;matriz;protocolo_na_rais;10567693000152;ADEL COCO BRASIL INDUSTRIA E COMERCIO LTDA;ADEL COCO BRASIL INDUSTRIA E COMERCIO LTDA;PROVIN;529;sim;sim;-3,289714;-39,257098;RODOVIA ROD 163 KM 42, SN, TRECHO ESTRUTURANTE, Trairi, 62690-000, Brasil;ok
2304400;Fortaleza;filial;filial_mesma_raiz;10656452005068;VOTORANTIM CIMENTOS N/NE S/A;;;5;sim;nao;-3,7257675;-38,4969689;RUA OSVALDO CRUZ, 1, SALA 712, MEIRELES, Fortaleza, 60125-150, Brasil;ok
2312908;Sobral;filial;filial_mesma_raiz;10656452005220;VOTORANTIM CIMENTOS N/NE S/A;;;35;sim;nao;-3,772738;-40,499995;OUTROS USINA RICA, S/N, JAIBARAS, Sobral, 62107-000, Brasil;ok
2312908;Sobral;filial;protocolo_na_rais;10656452005300;VOTORANTIM CIMENTOS N/NE S/A;VOTORANTIM CIMENTOS N/NE S/A;PROVIN;239;sim;sim;-3,6948389;-40,3803126;AVENIDA SENADOR JOSE ERMIRIO DE MORAES, 2342, EDMUNDO MONTE COELHO, Sobral, 62055-000, Brasil;ok
2304400;Fortaleza;filial;filial_mesma_raiz;10656452007001;VOTORANTIM CIMENTOS N/NE S/A;;;36;sim;nao;-3,718459;-38,466409;RUA PROFESSOR HENRIQUE FIRMEZA, 900, LETRA C, CAIS DO PORTO, Fortaleza, 60180-760, Brasil;ok
2303709;Caucaia;filial;protocolo_na_rais;10656452007192;VOTORANTIM CIMENTOS N/NE S/A;VOTORANTIM CIMENTOS N/NE S/A;PROVIN;92;sim;sim;-3,711576;-38,640113;RODOVIA CE 422, S/N, KM 4,35, COMPLEXO INDUSTRIAL DE PECEM, Caucaia, 61605-600, Brasil;ok
2304400;Fortaleza;filial;filial_mesma_raiz;10656452010908;VOTORANTIM CIMENTOS N/NE S/A;;;5;sim;nao;-3,81855;-38,562159;RUA MIGUEL ARAGAO, SN, SALA 1, MONDUBIM, Fortaleza, 60765-065, Brasil;ok
2304103;Crateús;filial;filial_mesma_raiz;10656452011114;VOTORANTIM CIMENTOS N/NE S/A;;;2;sim;nao;-5,182436;-40,666963;AVENIDA JULIA RODRIGUES DE SOUSA, 400, SALA 2, CIDADE 2000, Crateús, 63705-379, Brasil;ok
2307304;Juazeiro do Norte;filial;filial_mesma_raiz;10656452011386;VOTORANTIM CIMENTOS N/NE S/A;;;2;sim;nao;-7,252632;-39,322215;AVENIDA DEPUTADO LEAO SAMPAIO, 3319, SALA 1, LAGOA SECA, Juazeiro do Norte, 63040-005, Brasil;ok
2304202;Crato;matriz;protocolo_sem_rais;10741756000145;NOPERFIL INDÚSTRIA E COMÉRCIO LTDA EPP;NOPERFIL INDÚSTRIA E COMÉRCIO LTDA EPP;PROVIN;0;nao;sim;-19,935625;-44,033767;VIA DE LIGACAO 05, 177, DISTRITO INDUSTRIAL SANTA ROSA, Crato, 63100-970, Brasil;ok
2303501;Cascavel;filial;protocolo_na_rais;10782639000391;INTERLANDIA LIMITADA;INTERLANDIA LTDA;PROVIN;133;sim;sim;-4,131;-38,239;RUA MARIO LYCIO SEVE DE ABREU E LIMA, 1948, DISTRITO INDUSTRIAL, Cascavel, 62850-000, Brasil;falha
2307650;Maracanaú;filial;protocolo_na_rais;10783660001383;MAGNUM COMPANHIA DE PNEUS S/A;MAGNUM COMPANHIA DE PNEUS S.A.;PCDM;7;sim;sim;-3,8327618;-38,6099231;RUA CONEGO DE CASTRO, 1185, MODULO 25, ALTO ALEGRE II, Maracanaú, 61921-525, Brasil;ok
2309706;Pacatuba;matriz;protocolo_na_rais;10892699000103;ZANOTTI PACATUBA INDUSTRIA E COMERCIO DE ARTIGOS TEXTE;ZANOTTI PACATUBA IND COM ARTIG TEXT;PROVIN;334;sim;sim;-3,881;-38,612;AVENIDA MARGINAL NORDESTE (CONJ JEREISSATI III), 1001, SENADOR CARLOS JEREISSATI, Pacatuba, 61814-048, Brasil;falha
2305357;Icapuí;matriz;protocolo_na_rais;10931203000155;M J DO ROSARIO LTDA;M J DO ROSÁRIO LTDA;PROVIN;39;sim;sim;-4,712;-37,355;VILA MELANCIAS DE CIMA, 536, MELANCIAS DE CIMA, Icapuí, 62810-000, Brasil;falha
2307650;Maracanaú;matriz;protocolo_na_rais;11283192000107;FITAS ELASTICAS ESTRELA DO NORDESTE LTDA;FITAS ELÁSTICAS ESTRELA DO NORDESTE LTDA;PROVIN;228;sim;sim;-3,858962;-38,60666;AVENIDA PARQUE OESTE, 601, DISTRITO INDUSTRIAL, Maracanaú, 61939-120, Brasil;ok
2313302;Tauá;matriz;protocolo_na_rais;11366487000147;MELBROS INDUSTRIA E COMERCIO DE CALCADOS LTDA;MELBROS INDUSTRIA E COMERCIO DE CALÇADOS LTDA;PROVIN;953;sim;sim;-6,007339;-40,292587;RODOVIA CE 176, SN, KM 2, KM 2, Tauá, 63660-000, Brasil;ok
2303709;Caucaia;matriz;protocolo_na_rais;11444580000122;PVCTEC INDUSTRIA E COMERCIO POLIMEROS LTDA;PVCTEC INDUSTRIA E COMERCIO DE POLIMEROS LTDA;PROVIN;32;sim;sim;-3,726361;-38,66548;AVENIDA JUACI SAMPAIO PONTES, 1565, QUADRA39 LOTE 1 A 15, JARDIM ICARAI, Caucaia, 61621-015, Brasil;ok
2304400;Fortaleza;filial;filial_mesma_raiz;11444580000203;PVCTEC INDUSTRIA E COMERCIO POLIMEROS LTDA;;;6;sim;nao;-3,8430253;-38,4943971;RUA PADRE PEDRO DE ALENCAR, 1850, A, PARQUE SANTA MARIA, Fortaleza, 60873-082, Brasil;ok
2304400;Fortaleza;filial;filial_mesma_raiz;11444580000394;PVCTEC INDUSTRIA E COMERCIO POLIMEROS LTDA;;;7;sim;nao;-3,8007858;-38,5983605;AVENIDA GENERAL OSORIO DE PAIVA, 5299, BOM JARDIM, Fortaleza, 60731-335, Brasil;ok
2305233;Horizonte;filial;filial_mesma_raiz;11507415000687;INDUSTRIAS REUNIDAS RAYMUNDO DA FONTE SA;;;185;sim;nao;-4,102;-38,489;AVENIDA JUAREZ CORREIA LIMA, 179, ANEXO A, DISTRITO INDUSTRIAL, Horizonte, 62884-795, Brasil;falha
2305233;Horizonte;filial;protocolo_na_rais;11507415000768;INDUSTRIAS REUNIDAS RAYMUNDO DA FONTE SA;INDÚSTRIAS REUNIDAS RAYMUNDO DA FONTE S.A.;PROVIN;153;sim;sim;-4,102;-38,489;AVENIDA JUAREZ CORREIA LIMA, 179, DISTRITO INDUSTRIAL, Horizonte, 62884-795, Brasil;falha
2303501;Cascavel;matriz;protocolo_na_rais;11509459000131;RUDOLF SIZING NORDESTE AGRICOLA E INDUSTRIA LTDA.;RUDOLF SIZING NORDESTE AGRICOLA E INDUSTRIA LTDA;PROVIN;22;sim;sim;-24,96001;-53,455156;FAZENDA FAZENDA VITORIA, SN, ANEXO CAN EIXAO DAS AGUAS, LAGOA DO BRITO, Cascavel, 62856-000, Brasil;ok
2307650;Maracanaú;matriz;protocolo_na_rais;11586009000142;EVER GREEN DO NORDESTE INDUSTRIA E COMERCIO LTDA;EVER GREEN DO NORDESTE INDUSTRIA E COMERCIO LTDA;PROVIN;147;sim;sim;-3,8614381;-38,6161469;AVENIDA MANOEL MOREIRA LIMA, 568, JENIPAPEIRO, Maracanaú, 61906-010, Brasil;ok
2304400;Fortaleza;matriz;filial_mesma_raiz;11814967000123;CRUSOE FOODS INDUSTRIA, IMPORTACAO E EXPORTACAO LTDA;;;11;sim;nao;-3,7412853;-38,4717049;RUA DESEMBARGADOR LAURO NOGUEIRA, 1500, SALA 917, PAPICU, Fortaleza, 60176-065, Brasil;ok
2312403;São Gonçalo do Amarante;filial;protocolo_na_rais;11814967000719;CRUSOE FOODS INDUSTRIA, IMPORTACAO E EXPORTACAO LTDA;CRUSOE FOODS INDUSTRIA, IMPORTAÇÃO E EXPORTAÇÃO LTDA;PROVIN;532;sim;sim;-3,516458;-38,939855;ESTRADA PARADA SIUPE, SN, MONGUBA, São Gonçalo do Amarante, 62670-000, Brasil;ok
2303709;Caucaia;filial;filial_mesma_raiz;11814967000980;CRUSOE FOODS INDUSTRIA, IMPORTACAO E EXPORTACAO LTDA;;;11;sim;nao;-3,765;-38,618;AVENIDA VEREADOR FRANCISCO PESSOA DE LIMA, 1700, GALPAO7A 7B 8A 8B GALPAO21A 21B 22A 22B, TOCO (JUREMA), Caucaia, 61663-020, Brasil;falha
2313005;Solonópole;filial;protocolo_na_rais;11909814000402;NEORUBBER INDUSTRIA DE SANDALIAS LTDA;NEORUBBER INDUSTRIA DE SANDALIAS LTDA;PROVIN;187;sim;sim;-5,7342819;-39,0209822;AVENIDA VEREADOR JARBAS PINHEIRO, 2040, BARRA NOVA, Solonópole, 63620-000, Brasil;ok
2313005;Solonópole;filial;protocolo_na_rais;11909814000674;NEORUBBER INDUSTRIA DE SANDALIAS LTDA;NEORUBBER INDUSTRIA DE SANDALIAS LTDA;PROVIN;229;sim;sim;-5,732;-39,011;AVENIDA JOSE GUEDES FILHO, 233, BARRA NOVA, Solonópole, 63620-000, Brasil;falha
2303709;Caucaia;matriz;protocolo_na_rais;12066286000197;HYDROSTEC TUBOS E EQUIPAMENTOS LTDA;HYDROSTEC TUBOS E EQUIPAMENTOS LTDA;PROVIN;88;sim;sim;-3,711576;-38,640113;RODOVIA CE 155 KM 5,5, S/N, OLHO DAGUA, CATUANA, Caucaia, 61680-000, Brasil;ok
2307304;Juazeiro do Norte;matriz;protocolo_na_rais;12233390000129;HG INDUSTRIAL DE CALCADOS E BORRACHA LTDA;HG INDUSTRIAL DE CALÇADOS E BORRACHA LTDA;PROVIN;156;sim;sim;-7,2293676;-39,3396284;RUA RAFAEL MALZONI, 821, LETRA A, VILA REAL, Juazeiro do Norte, 63043-016, Brasil;ok
2307650;Maracanaú;filial;protocolo_sem_rais;12331478000264;VICUNHA DISTRIBUIDORA DE PRODUTOS TEXTEIS LTDA.;VICUNHA DISTRIBUIDORA DE PRODUTOS TEXTEIS LTDA.;PCDM;0;nao;sim;-3,8437468;-38,5852297;RODOVIA DOUTOR MENDEL STEINBRUCH, S/N, ANEXO 1 KM 09 SETOR SI, DISTRITO INDUSTRIAL, Maracanaú, 61939-210, Brasil;ok
2304400;Fortaleza;matriz;protocolo_na_rais;12340717000161;POINT SUTURE DO BRASIL IND DE FIOS CIRURGICOS LTDA;POINT SUTURE DO BRASIL INDUSTRIA DE FIOS CIRURGICOS LTDA;PROVIN;104;sim;sim;-3,7025436;-38,5788994;RUA MOACIR, 435, BARRA DO CEARA, Fortaleza, 60332-650, Brasil;ok
2303709;Caucaia;matriz;protocolo_na_rais;12528708000107;AERIS INDUSTRIA E COMERCIO DE EQUIPAMENTOS PARA GERACA;AERIS INDUSTRIA E COMERCIO DE EQUIPAMENTOS PARA GERACAO DE ENERGIA S/A;PIER;1439;sim;sim;-3,612816;-38,964662;RODOVIA CE 155, S/N, KM 02, COMPLEXO INDUSTRIAL E PORTUARIO DO PECEM, Caucaia, 61680-000, Brasil;ok
2303709;Caucaia;filial;protocolo_na_rais;12528708000441;AERIS INDUSTRIA E COMERCIO DE EQUIPAMENTOS PARA GERACA;AERIS INDUSTRIA E COMERCIO DE EQUIPAMENTOS PARA GERACAO DE ENERGIA S.A;PIER;2;sim;sim;-3,612816;-38,964662;RODOVIA CE-422, KM 10, SN, COMPLEXO INDUSTRIAL E PORTUARIO DO PESCEM, Caucaia, 61690-000, Brasil;ok
2304400;Fortaleza;filial;filial_mesma_raiz;12528708000603;AERIS INDUSTRIA E COMERCIO DE EQUIPAMENTOS PARA GERACA;;;67;sim;nao;-3,736792;-38,4991914;RUA DESEMBARGADOR LEITE ALBUQUERQUE, 635, 801 SL-802 SL-803 804 805 806, ALDEOTA, Fortaleza, 60150-150, Brasil;ok
2303709;Caucaia;filial;filial_mesma_raiz;12528708001090;AERIS INDUSTRIA E COMERCIO DE EQUIPAMENTOS PARA GERACA;;;261;sim;nao;-3,711576;-38,640113;RODOVIA CE-155, SN, CATUANA, Caucaia, 61680-000, Brasil;ok
2306256;Itaitinga;matriz;protocolo_na_rais;12645482000116;R.R. METAL INDUSTRIA E COMERCIO DE FERRAGENS LTDA;R.R. METAL INDUSTRIA E COMERCIO DE FERRAGENS LTDA;PROVIN;77;sim;sim;-19,9466;-44,029441;RUA A (CONJUNTO PARQUE DOM PEDRO), 634, FUNDOSCORRESPONDENCIA AV C, PARQUE DOM PEDRO, Itaitinga, 61888-261, Brasil;ok
2301000;Aquiraz;matriz;protocolo_na_rais;12877146000107;CTB COMPANHIA TEXTIL DO BRASIL LTDA;CTB-COMPANHIA TÊXTIL DO BRASIL EIRELI;PROVIN;36;sim;sim;-3,905605;-38,37726;RUA CELSO MALVEIRA MAIA, 7475, GALPAO, COND DAS PRAIAS, Aquiraz, 61700-000, Brasil;ok
2304285;Eusébio;filial;protocolo_na_rais;13644739000773;IMBRAVIDROS INDUSTRIA BRASILEIRA DE VIDROS LTDA.;IMBRAVIDROS INDUSTRIA BRASILEIRA DE VIDROS LTDA.;PROVIN;10;sim;sim;-3,893842;-38,502551;RODOVIA BR-116, 7135, SANTO ANTONIO, Eusébio, 61767-590, Brasil;ok
2304400;Fortaleza;filial;filial_mesma_raiz;13644739001400;INBRAVIDROS INDUSTRIA BRASILEIRA DE VIDROS LTDA;;;7;sim;nao;-3,7700855;-38,5527016;RUA 15 DE NOVEMBRO, 231, ITAOCA, Fortaleza, 60421-035, Brasil;ok
2303709;Caucaia;matriz;protocolo_na_rais;13711126000116;LEONARDO DE PAULA FREITAS GUIMARAES LTDA;LEONARDO DE PAULA FREITAS GUIMARAES EIRELI;PROVIN;34;sim;sim;-3,690146;-38,6413929;RUA PROFESSORA NINI QUEIROZ, 196, PACHECO, Caucaia, 61626-450, Brasil;ok
2306256;Itaitinga;matriz;protocolo_na_rais;13767601000176;ALLQUIMICA INDUSTRIA E COMERCIO DE TINTAS S/A;ALLQUIMICA INDUSTRIA E COMERCIO DE TINTAS S/A;PROVIN;28;sim;sim;-3,911314;-38,528502;RUA JOSE ABREU PITTA PINHEIRO, 493, GERERAU, Itaitinga, 61884-412, Brasil;ok
2306405;Itapipoca;filial;filial_mesma_raiz;13767601000257;ALLQUIMICA INDUSTRIA E COMERCIO DE TINTAS S/A;;;5;sim;nao;-3,488178;-39,575095;RUA VICENTE SIEBRA, 1909, VIOLETE, Itapipoca, 62504-090, Brasil;ok
2307304;Juazeiro do Norte;filial;filial_mesma_raiz;13767601000338;ALLQUIMICA INDUSTRIA E COMERCIO DE TINTAS S/A;;;4;sim;nao;-7,21105;-39,28595;AVENIDA GOVERNADOR VIRGILIO TAVORA, 1589, AEROPORTO, Juazeiro do Norte, 63020-735, Brasil;ok
2307650;Maracanaú;filial;filial_mesma_raiz;13767601000419;ALLQUIMICA INDUSTRIA E COMERCIO DE TINTAS S/A;;;4;sim;nao;-3,8668068;-38,6310235;AVENIDA PADRE JOSE HOLANDA DO VALE, 1931, PIRATININGA, Maracanaú, 61905-292, Brasil;ok
2307650;Maracanaú;matriz;protocolo_na_rais;13923945000127;AVCO POLIMEROS DO BRASIL S.A.;AVCO POLÍMEROS DO BRASIL S.A.;PROVIN;87;sim;sim;-3,854463;-38,620381;AVENIDA VICE-PRESIDENTE JOSE ALENCAR, 302, DISTRITO INDUSTRIAL I, Maracanaú, 61939-080, Brasil;ok
2305233;Horizonte;matriz;protocolo_na_rais;14267622000195;DUCAMPO EMPREENDIMENTOS FLORESTAIS LTDA;DUCAMPO EMPREENDIMENTOS FLORESTAIS LTDA;PROVIN;20;sim;sim;-4,1198253;-38,4801063;RUA JOAO GALDINO, 95, DISTRITO INDUSTRIAL, Horizonte, 62880-001, Brasil;ok
2307304;Juazeiro do Norte;matriz;protocolo_na_rais;14486959000193;INDUSTRIA DE CALCADOS MALU LTDA.;INDÚSTRIA DE CALÇADOS MALU LTDA;PROVIN;5;sim;sim;-7,2201317;-39,3130665;RUA GENERAL SAMPAIO, 32, FRANCISCANOS, Juazeiro do Norte, 63020-135, Brasil;ok
2307650;Maracanaú;matriz;filial_mesma_raiz;14855630000152;CAN-PACK BRASIL INDUSTRIA DE EMBALAGENS LTDA.;;;57;sim;nao;-3,8699668;-38,6146578;AVENIDA WILSON CAMURCA, 1441, SALA CANOA QUEBRADA, DISTRITO INDUSTRIAL I, Maracanaú, 61939-000, Brasil;ok
2307650;Maracanaú;filial;protocolo_na_rais;14855630000314;CAN-PACK BRASIL INDUSTRIA DE EMBALAGENS LTDA.;CAN-PACK BRASIL INDÚSTRIA DE EMBALAGENS LTDA;PROVIN;316;sim;sim;-3,8714342;-38,6101393;AVENIDA WILSON CAMURCA, 1441, DISTRITO INDUSTRIAL I, Maracanaú, 61939-000, Brasil;ok
2306256;Itaitinga;matriz;protocolo_na_rais;14938710000171;ALPHA MOTION INDUSTRIA DE MOLEJOS DO NORDESTE LTDA;ALPHA MOTION INDUSTRIA DE MOLEJOS DO NORDESTE LTDA.;PROVIN;1;sim;sim;-3,907869;-38,524619;RUA FRANCISCO FELIZ NUNES, 181, GALPAO1, CENTRO, Itaitinga, 61880-000, Brasil;ok
2314003;Várzea Alegre;matriz;protocolo_na_rais;14947696000172;GVS SPORT NORDESTE INDUSTRIA E COMERCIO LTDA;GVS SPORT NORDESTE INDUSTRIA E COMERCIO LTDA;PROVIN;169;sim;sim;-6,772234;-39,291578;AVENIDA LUCIA CORREIA, 562, BETANIA, Várzea Alegre, 63540-000, Brasil;ok
2309706;Pacatuba;matriz;protocolo_na_rais;14980121000151;ALLIANCE QUIMICA INDUSTRIA E COMERCIO LTDA;ALLIANCE QUÍMICA INDUSTRIA E COMERCIO LTDA;PROVIN;24;sim;sim;-3,911427;-38,59762;ACESSO ESTACAO DE AGUA DO GAVIAO, SN, PAVUNA, Pacatuba, 61870-990, Brasil;ok
2304400;Fortaleza;matriz;filial_mesma_raiz;14998371000119;J MACEDO S/A;;;105;sim;nao;-3,7184448;-38,4724457;RUA BENEDITO MACEDO, 79, CAIS DO PORTO, Fortaleza, 60180-415, Brasil;ok
2305233;Horizonte;filial;filial_mesma_raiz;14998371002324;J MACEDO S/A;;;23;sim;nao;-19,835977;-43,991543;AVENIDA PRESIDENTE CASTELO BRANCO, 7921, GALPAO1, DISTRITO INDUSTRIAL, Horizonte, 62884-790, Brasil;ok
2304400;Fortaleza;filial;protocolo_na_rais;14998371002405;J MACEDO S/A;J MACEDO S/A;PROVIN;310;sim;sim;-3,7154726;-38,4750304;AVENIDA VICENTE DE CASTRO, 6001, PREDIO II, CAIS DO PORTO, Fortaleza, 60180-410, Brasil;ok
2305233;Horizonte;filial;filial_mesma_raiz;14998371006745;J MACEDO S/A;;;66;sim;nao;-4,1073242;-38,4923328;AVENIDA PRESIDENTE CASTELO BRANCO, 7921, DISTRITO INDUSTRIAL, Horizonte, 62884-790, Brasil;ok
2305233;Horizonte;filial;protocolo_na_rais;15121481000675;DURAFIX INDUSTRIA DE ARGAMASSAS E TINTAS LTDA;DURAFIX INDÚSTRIA DE ARGAMASSAS E TINTAS LTDA;PROVIN;20;sim;sim;-19,996023;-43,979867;RUA GELCINA SANTOS, 50, GALPAO-05, DISTRITO INDUSTRIAL, Horizonte, 62884-805, Brasil;ok
2306256;Itaitinga;matriz;protocolo_na_rais;15209980000104;YPIOCA INDUSTRIAL DE BEBIDAS LTDA;YPIOCA INDUSTRIAL DE BEBIDAS S.A;PROVIN;410;sim;sim;-3,9653086;-38,5153353;RODOVIA BR-116, 15000, JIBOIA, Itaitinga, 61880-325, Brasil;ok
2303709;Caucaia;matriz;protocolo_na_rais;15244677000142;COMPANHIA SULAMERICANA DE CERAMICA;COMPANHIA SULAMERICANA DE CERAMICA;PROVIN;113;sim;sim;-3,711576;-38,640113;RODOVIA CE 422, 16901, CATUANA, Caucaia, 61680-000, Brasil;ok
2304400;Fortaleza;matriz;protocolo_na_rais;15293108000197;YPLASTIC EMBALAGENS PLASTICAS S.A;YPLASTIC EMBALAGENS PLÁSTICAS S/A;PROVIN;133;sim;sim;-3,8223892;-38,4826373;RUA FRANCISCO LEANDRO, 399, MESSEJANA, Fortaleza, 60844-150, Brasil;ok
2314003;Várzea Alegre;filial;protocolo_na_rais;15810932000258;HD SISTEMAS DE LIMPEZA E DESCARTAVEIS LTDA;HD SISTEMAS DE LIMPEZA E DESCARTAVEIS LTDA;PROVIN;85;sim;sim;-6,788;-39,295;RUA MANOEL MAXIMO DE MORAIS, 198, 41 47, BUENOS AIRES, Várzea Alegre, 63540-000, Brasil;falha
2304400;Fortaleza;filial;filial_mesma_raiz;15810932000339;HD SISTEMAS DE LIMPEZA E DESCARTAVEIS LTDA;;;3;sim;nao;-3,863554;-38,511263;RUA DO CRUZEIRO, 1260, 1280, ANCURI, Fortaleza, 60874-230, Brasil;ok
2302503;Brejo Santo;matriz;protocolo_na_rais;15836348000190;DILLY NORDESTE INDUSTRIA DE CALCADOS LTDA;DILLY NORDESTE INDUSTRIA DE CALCADOS LTDA;PROADE;3003;sim;sim;-7,484681;-39,007149;AVENIDA BIICA BASILIO, 140, RAIMUNDO FERNANDES, Brejo Santo, 63260-000, Brasil;ok
2302503;Brejo Santo;filial;filial_mesma_raiz;15836348000433;DILLY NORDESTE INDUSTRIA DE CALCADOS LTDA;;;303;sim;nao;-7,492;-38,985;AVENIDA JOSE AMARO NETO, 412, GALPAO01 E 02, RAIMUNDO FERNANDES, Brejo Santo, 63260-000, Brasil;falha
2311108;Porteiras;filial;filial_mesma_raiz;15836348000867;DILLY NORDESTE INDUSTRIA DE CALCADOS LTDA;;;279;sim;nao;-7,518;-39,119;RUA ORISMIDIO FRANCELINO DA COSTA, 75, ENTRE RIOS, Porteiras, 63270-000, Brasil;falha
2311108;Porteiras;filial;filial_mesma_raiz;15836348001081;DILLY NORDESTE INDUSTRIA DE CALCADOS LTDA;;;41;sim;nao;-7,534731;-39,117908;RUA JOSE DE ALENCAR, 77/A, CENTRO, Porteiras, 63270-000, Brasil;ok
2306306;Itapajé;filial;protocolo_na_rais;15836348001162;DILLY NORDESTE INDUSTRIA DE CALCADOS LTDA;DILLY NORDESTE INDUSTRIA DE CALCADOS LTDA;PROADE;1102;sim;sim;-3,688838;-39,57989;RUA BENTO AVILA DE SOUSA, 137, GALPAO02 E 03, SANTA RITA, Itapajé, 62600-000, Brasil;ok
2307304;Juazeiro do Norte;filial;filial_mesma_raiz;16383848000268;MOBIT - MOBILIDADE, ILUMINACAO E TECNOLOGIA LTDA;;;18;sim;nao;-7,2310962;-39,3274619;RUA JOAQUIM FIGUEIREDO, 68, TRIANGULO, Juazeiro do Norte, 63040-780, Brasil;ok
2304400;Fortaleza;filial;protocolo_na_rais;16383848000772;MOBIT - MOBILIDADE, ILUMINACAO E TECNOLOGIA LTDA;MOBIT - MOBILIDADE, ILUMINACAO E TECNOLOGIA LTDA;PROVIN;232;sim;sim;-3,834016;-38,503747;RODOVIA BR-116, 10000, B, JANGURUSSU, Fortaleza, 60870-812, Brasil;ok
2312908;Sobral;filial;filial_mesma_raiz;16383848000853;MOBIT - MOBILIDADE, ILUMINACAO E TECNOLOGIA LTDA;;;4;sim;nao;-3,688;-40,352;TRAVESSA MANOEL RODRIGUES DO MONTE, 92, DOMINGOS OLIMPIO, Sobral, 62022-425, Brasil;falha
2304400;Fortaleza;filial;filial_mesma_raiz;16383848001582;MOBIT - MOBILIDADE, ILUMINACAO E TECNOLOGIA LTDA;;;19;sim;nao;-3,8342072;-38,5033572;RODOVIA BR 116, 10000, SALA 05, MESSEJANA, Fortaleza, 60870-812, Brasil;ok
2304400;Fortaleza;filial;filial_mesma_raiz;16404287030305;SUZANO S.A.;;;18;sim;nao;-3,703219;-38,589274;AVENIDA FRANCISCO SA, 7700, GALPAO01, BARRA DO CEARA, Fortaleza, 60330-878, Brasil;ok
2307650;Maracanaú;filial;filial_mesma_raiz;16404287068469;SUZANO S.A.;;;27;sim;nao;-3,8714342;-38,6101393;AVENIDA WILSON CAMURCA, 1100, DISTRITO INDUSTRIAL I, Maracanaú, 61939-000, Brasil;ok
2307650;Maracanaú;filial;protocolo_na_rais;16404287069430;SUZANO S.A.;SUZANO S/A;PROVIN;116;sim;sim;-3,8712614;-38,6100869;AVENIDA WILSON CAMURCA, 1646, DISTRITO INDUSTRIAL I, Maracanaú, 61939-000, Brasil;ok
2307304;Juazeiro do Norte;matriz;protocolo_na_rais;16625236000153;AMBIPAR ENVIRONMENT CIRCULAR ECONOMY NE LTDA;AMBIPAR ENVIRONMENT CIRCULAR ECONOMY NORDESTE LTDA;PROVIN;119;sim;sim;-7,2358326;-39,3324054;RUA MANOEL CASSIMIRO, 57, PREFEITO CARLOS ALBERTO DA CRUZ, Juazeiro do Norte, 63041-018, Brasil;ok
2307650;Maracanaú;filial;protocolo_sem_rais;17469701007260;ARCELORMITTAL BRASIL S/A;ARCELORMITTAL BRASIL S/A;PROVIN;0;nao;sim;-3,8539566;-38,6057971;RUA OESTE-2, 500, LETRA A, DISTRITO INDUSTRIAL I, Maracanaú, 61939-090, Brasil;ok
2307650;Maracanaú;filial;filial_mesma_raiz;17469701019196;ARCELORMITTAL BRASIL S.A.;;;13;sim;nao;-3,82545;-38,566356;RUA OESTE-2, 500 B, GALPAOB, DISTRITO INDUSTRIAL I, Maracanaú, 61939-090, Brasil;ok
2301901;Barbalha;filial;filial_mesma_raiz;17469701030408;ARCELORMITTAL BRASIL S.A.;;;3;sim;nao;-7,2862946;-39,3199699;AVENIDA LEAO SAMPAIO, 5701, SETOR A, CRAJUBAR, Barbalha, 63180-000, Brasil;ok
2307007;Jaguaruana;matriz;protocolo_na_rais;18067083000100;NOVA FIACAO INDUSTRIA TEXTIL S.A.;NOVA FIACAO INDUSTRIA TEXTIL S/A;PROVIN;250;sim;sim;-4,842173;-37,784831;RUA DR ANTONIO ROCHA DE FREITAS, 1690, CENTRO, Jaguaruana, 62823-000, Brasil;ok
2308500;Mombaça;filial;protocolo_na_rais;18210939000499;W NORDESTE TECIDOS LTDA;W NORDESTE TECIDOS LTDA;PROVIN;23;sim;sim;-5,760475;-39,629189;RODOVIA CE 060 - KM 288, S/N, GALPAOB E C, JOSE MARQUES DE SOUSA, Mombaça, 63610-000, Brasil;ok
2304285;Eusébio;matriz;protocolo_na_rais;18363125000141;LEY INDUSTRIA DE COLCHOES LTDA;LEY INDUSTRIA DE COLCHOES LTDA;PROVIN;99;sim;sim;-3,9212566;-38,5042748;AVENIDA 23 DE JUNHO, 669, JABUTI, Eusébio, 61760-000, Brasil;ok
2307601;Limoeiro do Norte;matriz;filial_mesma_raiz;18467419000113;MERI POBO AGROPECUARIA LTDA;;;121;sim;nao;-5,145;-38,098;;falha
2307007;Jaguaruana;filial;protocolo_na_rais;18467419000202;MERI POBO AGROPECUARIA LTDA;MERI POBO AGROPECUÁRIA LTDA;PROVIN;354;sim;sim;-4,835;-37,78;"FAZENDA PERERECA ESTRADA CARROAVEL, S/N, : VIAS COMUNIDADES SAQ; CASA: 01;, ZONA RURAL, Jaguaruana, 62823-000, Brasil";falha
2304954;Guaiúba;matriz;protocolo_na_rais;19328221000111;INDUSTRIA DE PLASTICO CB LTDA;INDÚSTRIA DE PLÁSTICO CB LTDA;PROVIN;7;sim;sim;-4,159605;-38,684274;RODOVIA VIA CE 060, 2, QUADRA02, MATA FRESCA, Guaiúba, 61890-000, Brasil;ok
2304202;Crato;matriz;protocolo_na_rais;19407069000162;CANI PRODUTOS QUIMICOS LTDA.;CANI PRODUTOS QUÍMICOS LTDA;PROVIN;7;sim;sim;-7,2402479;-39,3743987;AVENIDA MANOEL DIAS BRANCO, 480, DISTRITO MURITI, BARRO BRANCO, Crato, 63130-020, Brasil;ok
2304285;Eusébio;matriz;protocolo_na_rais;19542918000190;MARFIM INDUSTRIA TEXTIL DO CEARA LTDA;MARFIM INDÚSTRIA TÊXTIL DO CEARÁ LTDA;PROVIN;47;sim;sim;-3,884209;-38,461508;AVENIDA JOSE AMORA DE SA, 1086, INDUSTRIAL II, Eusébio, 61760-000, Brasil;ok
2303709;Caucaia;matriz;protocolo_na_rais;20287659000188;GNR FORTALEZA VALORIZACAO DE BIOGAS LTDA;GNR FORTALEZA VALORIZAÇÃO DE BIOGÁS LTDA;PROVIN;36;sim;sim;-3,7673398;-38,6467406;RUA 98, 1550, TOCO (JUREMA), Caucaia, 61663-595, Brasil;ok
2307650;Maracanaú;matriz;protocolo_na_rais;20350085000145;INOPLAST - INOVACAO EM SERVICOS DE INJECAO DE PLASTICO;INOPLAST INOVAÇÃO EM SERVIÇOS DE INJEÇÃO DE PLÁSTICOS LTDA;PROVIN;35;sim;sim;-3,8621625;-38,5968361;RUA LESTE I, 510, DISTRITO INDUSTRIAL I, Maracanaú, 61939-190, Brasil;ok
2306256;Itaitinga;matriz;protocolo_na_rais;20385401000114;BRANYL INDUSTRIA E COMERCIO TEXTIL DO CEARA LTDA;BRANYL INDUSTRIA E COMERCIO TEXTIL DO CEARÁ LTDA;PROVIN;134;sim;sim;-3,9580516;-38,5376546;AVENIDA LIDIA ALVES CAVALCANTE, 865, PARQUE SANTO ANTONIO, Itaitinga, 61880-252, Brasil;ok
2304400;Fortaleza;matriz;protocolo_na_rais;20495547000112;BIOCOL - IMPORTADORA E DISTRIBUIDORA S/A;BIOCOL IMPORTADORA E DISTRIBUIDORA LTDA EPP;PCDM;15;sim;sim;-3,7084497;-38,5757079;RUA ALBERTO DE OLIVEIRA, 140, BARRA DO CEARA, Fortaleza, 60330-530, Brasil;ok
2307650;Maracanaú;matriz;protocolo_na_rais;20593185000100;NEW PLASTIC INDUSTRIA E COMERCIO DE PLASTICOS LTDA;NEW PLASTIC INDUSTRIA E COMERCIO DE PLASTICOS LTDA;PROVIN;125;sim;sim;-3,857498;-38,616996;AVENIDA CENTRAL CJ DI 2000, 180, JENIPAPEIRO, Maracanaú, 61906-060, Brasil;ok
2307650;Maracanaú;filial;filial_mesma_raiz;20593185000364;NEW PLASTIC INDUSTRIA E COMERCIO DE PLASTICOS LTDA;;;22;sim;nao;-3,8327618;-38,6099231;RUA CONEGO DE CASTRO, 11059, GALPAOB, ALTO ALEGRE II, Maracanaú, 61921-525, Brasil;ok
2306108;Irauçuba;filial;protocolo_na_rais;20689534000265;PALMINORTE INDUSTRIA DE COMPONENTES PARA CALCADOS LTDA;PALMINORTE INDÚSTRIA DE COMPONENTES PARA CALÇADOS LTDA;PROVIN;41;sim;sim;-3,749249;-39,784728;RUA PEDRO RODRIGUES DE OLIVEIRA, 230, B, SAO LUIZ GONZAGA, Irauçuba, 62620-000, Brasil;ok
2303956;Chorozinho;matriz;protocolo_sem_rais;21098008000102;NORTEC INDUSTRIA DE PLASTICOS LTDA;NORTEC INDUSTRIA DE PLASTICOS LTDA;PROVIN;0;nao;sim;-4,215369;-38,70547;RUA ANTONIO PEREIRA, S/N, CENTRO, Chorozinho, 62875-970, Brasil;ok
2307650;Maracanaú;filial;protocolo_na_rais;21279886000639;CYCLOPLAST IMPORTACAO E EXPORTACAO DE RESINAS LTDA;CYCLOPLAST IMPORTAÇÃO E EXPORTAÇÃO DE RESINAS LTDA;PCDM;2;sim;sim;-3,8488236;-38,5798458;RUA DOUTOR IRAN, 209, BOA ESPERANCA, Maracanaú, 61935-240, Brasil;ok
2303709;Caucaia;matriz;protocolo_na_rais;21499024000107;ARGAMASSAS COLAMIX LTDA;ARGAMASSAS COLAMIX EIRELI;PROVIN;71;sim;sim;-3,7615922;-38,6207007;RUA ARARE, 2170, PARQUE GUADALAJARA (JUREMA), Caucaia, 61650-110, Brasil;ok
2304285;Eusébio;matriz;protocolo_na_rais;21658572000132;METALIX ESTRUTURAS METALICAS LTDA;METALIX ESTRUTURAS METÁLICAS LTDA;PROVIN;3;sim;sim;-3,876044;-38,456817;RUA PAULA AMARAL, 520, SANTO ANTONIO, Eusébio, 61760-000, Brasil;ok
2308005;Massapê;filial;protocolo_na_rais;21984010000340;DIKKA INDUSTRIA QUIMICA LTDA;DIKKA INDUSTRIA QUIMICA LTDA;PROVIN;33;sim;sim;-3,522405;-40,342919;RODOVIA CE 362, S/N, KM 17, ZONA RURAL, Massapê, 62140-000, Brasil;ok
2304202;Crato;matriz;protocolo_na_rais;22428398000102;CARIRI ARGAMASSAS LTDA;CARIRI ARGAMASSAS EIRELI;PROVIN;41;sim;sim;-7,20193;-39,380428;"SITIO COBRAS, 250, : B;, DISTRITO DE BELA VISTA, Crato, 63139-500, Brasil";ok
2305233;Horizonte;matriz;protocolo_sem_rais;22463721000170;INDUSTRIA E COMERCIO DE PRODUTOS ALIMENTICIOS RAIMAR LTDA;INDUSTRIA E COMERCIO DE PRODUTOS ALIMENTICIOS RAIMAR LTDA;PROVIN;0;nao;sim;-19,9020723;-44,080658;RUA ANTONIO ISABEL, 135, DOURADO, Horizonte, 62898-000, Brasil;ok
2313104;Tabuleiro do Norte;matriz;protocolo_na_rais;22553497000108;ANA ROCHELLE SOUSA ROCHA LTDA;ANA ROCHELLE SOUSA ROCHA EIRELI;PROVIN;5;sim;sim;-4,994517;-38,028016;SITIO CURRAL VELHO, S/N, DISTRITO DE OLHO D AGUA DA BICA, Tabuleiro do Norte, 62963-899, Brasil;ok
2301901;Barbalha;matriz;protocolo_sem_rais;22568532000162;MOB-RAIL INDUSTRIA E COMERCIO DE TRENS S/A;MOB-RAIL INDUSTRIA E COMERCIO DE TRENS S/A;PROVIN;0;nao;sim;-7,311;-39,302;AVENIDA CLOVIS ARRAIS MAIA, 6280, 1204 TORRE SUL, PRAIA DO FUTURO II, Barbalha, 60182-322, Brasil;falha
2304400;Fortaleza;matriz;protocolo_na_rais;22940751000120;DNEDX COMERCIO E SERVICOS PARA PRODUTOS DA SAUDE LTDA;DNEDX COM. E SERVIÇOS PARA PRODUTOS DA SAÚDE LTDA;PCDM;4;sim;sim;-3,8200831;-38,5062394;RUA NOEMIA, 145, SALA A, BARROSO, Fortaleza, 60862-720, Brasil;ok
2311603;Redenção;matriz;protocolo_na_rais;23159702000118;POLYSPACE INDUSTRIA DE ACESSORIOS PARA CASA E BANHO LT;POLYSPACE INDUSTRIA DE ACESSORIOS PARA CASA E BANHO LTDA;PROVIN;2;sim;sim;-4,2221429;-38,7215765;AVENIDA ABOLICAO, 2025, CONJUNTO ANTONIO BONFIM, Redenção, 62790-000, Brasil;ok
2304400;Fortaleza;filial;filial_mesma_raiz;23159702000207;POLYSPACE INDUSTRIA DE ACESSORIOS PARA CASA E BANHO LT;;;1;sim;nao;-3,74013;-38,486128;AVENIDA SANTOS DUMONT, 2789, 506, ALDEOTA, Fortaleza, 60150-165, Brasil;ok
2304400;Fortaleza;matriz;filial_mesma_raiz;23463961000138;FREITAS COMERCIO DE MIUDEZAS LTDA.;;;13;sim;nao;-3,7691066;-38,5590395;RUA ZACARIAS GONDIM, 724, A, ITAOCA, Fortaleza, 60421-108, Brasil;ok
2307650;Maracanaú;filial;protocolo_na_rais;23463961000561;FCM COMERCIO DE MIUDEZAS LTDA;FCM COMÉRCIO DE MIUDEZAS LTDA;PCDM;4;sim;sim;-3,8327618;-38,6099231;RUA CONEGO DE CASTRO, 11059, GALPAOC, ALTO ALEGRE II, Maracanaú, 61921-525, Brasil;ok
2307650;Maracanaú;matriz;protocolo_na_rais;23464852000135;BEATRIZ TEXTIL S/A;BEATRIZ TEXTIL S/A;PROVIN;365;sim;sim;-3,854463;-38,620381;RUA DE JOSE TARCISIO MOTA SA, 430, DISTRITO INDUSTRIAL III, Maracanaú, 61931-070, Brasil;ok
2307700;Maranguape;filial;protocolo_na_rais;23524952001424;SMURFIT KAPPA DO BRASIL INDUSTRIA DE EMBALAGENS S.A.;SMURFIT KAPPA DO BRASIL INDÚSTRIA DE EMBALAGENS S.A.;PROVIN;222;sim;sim;-3,8999819;-38,6655439;RUA PROFESSOR HENRIQUE CHAVES, 975, UNIDADE 1, TANGUEIRA, Maranguape, 61946-220, Brasil;ok
2307650;Maracanaú;matriz;protocolo_na_rais;23598865000105;YOSHIDA;YOSHIDA NORDESTE S/A IND E COMERCIO;PROVIN;16;sim;sim;-3,8467394;-38,5918763;AVENIDA PARQUE NORTE-1, 483, DISTRITO INDUSTRIAL I, Maracanaú, 61939-170, Brasil;ok
2305233;Horizonte;filial;protocolo_na_rais;24120885000201;MAXIMAPLASTIC INDUSTRIA E COMERCIO DE PLASTICOS LTDA.;MAXIMAPLASTIC INDÚSTRIA E COMÉRCIO DE PLÁSTICOS LTDA;PROVIN;149;sim;sim;-3,8168567;-38,4359659;RUA JOAO EUSEBIO DA SILVA, 791, CATOLE, Horizonte, 62887-350, Brasil;ok
2304400;Fortaleza;matriz;filial_mesma_raiz;24306357000160;PRIME IMPORTACAO E EXPORTACAO LTDA;;;3;sim;nao;-3,7648222;-38,5522689;RUA EUSEBIO DE QUEIROS, 722, MONTESE, Fortaleza, 60410-224, Brasil;ok
2314003;Várzea Alegre;filial;protocolo_na_rais;24306357000322;PRIME IMPORTACAO E EXPORTACAO LTDA;CARLOS HENRIQUE DA COSTA LIMA LTDA;PCDM;17;sim;sim;-6,772234;-39,291578;AVENIDA LUCIA CORREIA, 643, PRACA SANTO ANTONIO, Várzea Alegre, 63540-000, Brasil;ok
2304400;Fortaleza;filial;filial_mesma_raiz;24380578003285;WHITE MARTINS GASES INDUSTRIAIS DO NORDESTE LTDA.;;;2;sim;nao;-3,7196803;-38,5500114;AVENIDA FRANCISCO SA, 2776, JACARECANGA, Fortaleza, 60310-000, Brasil;ok
2307650;Maracanaú;filial;protocolo_na_rais;24380578006896;WHITE MARTINS GASES INDUSTRIAIS DO NORDESTE LTDA.;WHITE MARTINS GASES INDUSTRIAIS DO NORDESTE LTDA;PROVIN;51;sim;sim;-3,854463;-38,620381;AVENIDA PELAGIO DE OLIVEIRA BRANDAO, 640, DISTRITO INDUSTRIAL I, Maracanaú, 61939-120, Brasil;ok
2306256;Itaitinga;matriz;filial_mesma_raiz;26020106000140;FORNECEDORA ASFALTOS E PAVIMENTACAO LTDA;;;157;sim;nao;-3,968;-38,528;RUA JOSE BATISTA DA SILVA, 255, VILA MACHADO, Itaitinga, 61880-000, Brasil;falha
2306256;Itaitinga;filial;protocolo_na_rais;26020106000221;FORNECEDORA ASFALTOS E PAVIMENTACAO LTDA;FORNECEDORA ASFALTOS E PAVIMENTAÇÃO LTDA;PROVIN;96;sim;sim;-3,968672;-38,540796;RUA JOSE BATISTA DA SILVA, 255, LOTE B, VILA MACHADO, Itaitinga, 61880-000, Brasil;ok
2307809;Marco;matriz;protocolo_na_rais;27555931000102;WARE HOUSE COMERCIO ATACADISTA DE MOVEIS LTDA;WARE HOUSE COMÉRCIO ATACADISTA DE MÓVEIS LTDA;PCDM;2;sim;sim;-3,142182;-40,08535;RODOVIA BR 402, S/N, KM 01 GALPAO03, SANTA ROSA, Marco, 62560-000, Brasil;ok
2307809;Marco;filial;protocolo_na_rais;27555931000293;WARE HOUSE COMERCIO ATACADISTA DE MOVEIS LTDA;WARE HOUSE COMÉRCIO ATACADISTA DE MÓVEIS LTDA;PROVIN;101;sim;sim;-3,142182;-40,08535;RODOVIA BR 402, S/N, KM 01 GALPAO04, SANTA ROSA, Marco, 62560-000, Brasil;ok
2304285;Eusébio;matriz;protocolo_na_rais;27568657000106;OK ENERGY, IMPORTACAO E EXPORTACAO LTDA;OK ENERGY, IMPORTACAO E EXPORTACAO LTDA;PROVIN;254;sim;sim;-3,8978219;-38,5004178;RUA PAULO AMARAL, 465, GALPAO465, SANTO ANTONIO, Eusébio, 61767-690, Brasil;ok
2306256;Itaitinga;filial;protocolo_na_rais;28411905000769;GAZIN INDUSTRIA DE COLCHOES LTDA.;GAZIN INDUSTRIA DE COLCHOES LTDA.;PROVIN;17;sim;sim;-3,9653086;-38,5153353;RODOVIA BR 116, 17644, ANTONIO MIGUEL, Itaitinga, 61880-000, Brasil;ok
2304954;Guaiúba;matriz;protocolo_na_rais;28778239000106;QUIMICA GUAIUBA LTDA;QUÍMICA GUAIÚBA LTDA;PROVIN;45;sim;sim;-4,159605;-38,684274;RODOVIA CE-060, S/N, KM 29/30 MARGEM DIREITA, DISTRITO INDUSTRIAL DE GUAIUBA, Guaiúba, 61890-000, Brasil;ok
2306256;Itaitinga;filial;filial_mesma_raiz;29067113027710;POLIMIX CONCRETO LTDA;;;29;sim;nao;-3,726668;-38,526411;AVENIDA CORONEL VIRGILIO TAVORA, 34, PARTE B, CENTRO, Itaitinga, 61880-047, Brasil;ok
2304400;Fortaleza;filial;filial_mesma_raiz;29067113028520;POLIMIX CONCRETO LTDA;;;24;sim;nao;-3,8239161;-38,5333778;RUA FRANCISCO VASCONCELOS JUNIOR, 500, PASSARE, Fortaleza, 60862-250, Brasil;ok
2307650;Maracanaú;filial;filial_mesma_raiz;29067113028600;POLIMIX CONCRETO LTDA;;;26;sim;nao;-3,854463;-38,620381;AVENIDA MARIA HOSANA MATOS LIMA, 720, DISTRITO INDUSTRIAL I, Maracanaú, 61939-130, Brasil;ok
2301901;Barbalha;filial;filial_mesma_raiz;29067113028791;POLIMIX CONCRETO LTDA;;;30;sim;nao;-7,2862946;-39,3199699;AVENIDA LEAO SAMPAIO, 5300, PARTE B, LAGOA SECA, Barbalha, 63180-000, Brasil;ok
2303709;Caucaia;filial;filial_mesma_raiz;29067113028872;POLIMIX CONCRETO LTDA;;;14;sim;nao;-3,721212;-38,655656;RODOVIA ROD CE 115, 12600, INDUSTRIAL, Caucaia, 61680-000, Brasil;ok
2303709;Caucaia;filial;protocolo_na_rais;29067113030265;POLIMIX CONCRETO LTDA;POLIMIX CONCRETO LTDA;PROVIN;28;sim;sim;-3,6852763;-38,9132724;RODOVIA BR-222, S/N, KM 32 PARTE B, PRIMAVERA, Caucaia, 61690-975, Brasil;ok
2304400;Fortaleza;filial;filial_mesma_raiz;29067113031822;POLIMIX CONCRETO LTDA;;;29;sim;nao;-3,799395;-38,5052545;RODOVIA BR-116, 2131, PARTE B, PARQUE IRACEMA, Fortaleza, 60824-115, Brasil;ok
2304400;Fortaleza;filial;filial_mesma_raiz;29067113031903;POLIMIX CONCRETO LTDA;;;24;sim;nao;-3,739272;-38,539073;RUA CONEFOR, 100, PARTE B, CAIS DO PORTO, Fortaleza, 60180-300, Brasil;ok
2301109;Aracati;filial;filial_mesma_raiz;29067113033442;POLIMIX CONCRETO LTDA;;;8;sim;nao;-4,575692;-37,78927;RODOVIA BR 304, SN, KM 51, DISTRITO INDUSTRIAL, Aracati, 62800-000, Brasil;ok
2301901;Barbalha;filial;filial_mesma_raiz;29067113046692;POLIMIX CONCRETO LTDA;;;1;sim;nao;-7,277809;-39,322252;AVENIDA DOUTOR LEAO SAMPAIO, 1234, BULANDEIRA, Barbalha, 63095-000, Brasil;ok
2304285;Eusébio;matriz;filial_mesma_raiz;29092232000107;TERRA DO SOL DISTRIBUIDORA DE PAPELARIA E ESCRITORIO L;;;23;sim;nao;-3,86919;-38,462891;RUA FRANCISCO OLIVEIRA ALMEIDA, 391, LOTE 26, AMADOR, Eusébio, 61760-000, Brasil;ok
2304400;Fortaleza;filial;filial_mesma_raiz;29092232000280;TERRA DO SOL DISTRIBUIDORA DE PAPELARIA E ESCRITORIO L;;;32;sim;nao;-3,7295909;-38,527872;RUA FLORIANO PEIXOTO, 282, 292, CENTRO, Fortaleza, 60025-130, Brasil;ok
2304400;Fortaleza;filial;filial_mesma_raiz;29092232000360;TERRA DO SOL DISTRIBUIDORA DE PAPELARIA E ESCRITORIO L;;;6;sim;nao;-3,7265712;-38,5242143;RUA GOVERNADOR SAMPAIO, 149, CENTRO, Fortaleza, 60055-050, Brasil;ok
2301000;Aquiraz;filial;protocolo_na_rais;29092232000441;TERRA DO SOL DISTRIBUIDORA DE PAPELARIA E ESCRITORIO L;TERRA DO SOL DISTRIBUIDORA DE PAPELARIA E ESCRITÓRIO LTDA;PCDM;6;sim;sim;-3,907198;-38,373718;AVENIDA CASTELO - ALAGADICINHO, SN, ALAGADICINHO-CASTELO, Aquiraz, 61700-000, Brasil;ok
2306256;Itaitinga;matriz;protocolo_na_rais;29603211000109;BROTHER COMERCIO DE MOTOPECAS LTDA;BROTHER COMÉRCIO DE MOTOPEÇAS LTDA.;PCDM;65;sim;sim;-3,892;-38,512;RODOVIA QUARTO ANEL VIARIO, 3955, GALPAO01 ARMZ 18 19 36 37 E 38, ANCURI, Itaitinga, 61886-170, Brasil;falha
2304285;Eusébio;filial;filial_mesma_raiz;29603211000281;BROTHER COMERCIO DE MOTOPECAS LTDA;;;33;sim;nao;-3,726668;-38,526411;AVENIDA EUSEBIO DE QUEIROZ, 4808, SALA 415 SALA 416 SALA 417 SALA 418 SALA 419 SALA 420, CENTRO, Eusébio, 61760-000, Brasil;ok
2306256;Itaitinga;filial;filial_mesma_raiz;29603211000443;BROTHER COMERCIO DE MOTOPECAS LTDA;;;8;sim;nao;-3,892;-38,512;RODOVIA QUARTO ANEL VIARIO, 3955, GALPAO01 ARMZ 17, ANCURI, Itaitinga, 61886-170, Brasil;falha
2306256;Itaitinga;matriz;protocolo_na_rais;29959937000170;IPE QUIMICA INDUSTRIA E COMERCIO E IMPORTACAO DE PRODU;IPE QUIMICA INDUSTRIA E COMERCIO E IMPORTACAO DE PRODUTOS QUIMICOS LTDA;PROVIN;67;sim;sim;-3,896;-38,515;RUA R (LOTEAMENTO NOVO ANCURI), 530, LOT. NOVO ANCURI, ANCURI, Itaitinga, 61885-521, Brasil;falha
2304459;Fortim;matriz;protocolo_na_rais;30315265000140;INDUSTRIA CEARENSE DE ALUMINIO LTDA;INDUSTRIA CEARENSE DE ALUMINIO LTDA;PROVIN;61;sim;sim;-4,415394;-37,847434;RODOVIA CE 040, S/N, KM 128, VISCOSA, Fortim, 62815-000, Brasil;ok
2301000;Aquiraz;matriz;protocolo_na_rais;30647870000118;PEDALUSA ALIMENTOS S/A;PEDALUSA ALIMENTOS S.A.;PROVIN;362;sim;sim;-4,001968;-38,51599;RUA SDO 6, S/N, GALPAO01, CAMARA, Aquiraz, 61700-000, Brasil;ok
2303709;Caucaia;filial;protocolo_sem_rais;30647870000207;PEDALUSA ALIMENTOS S.A.;PEDALUSA ALIMENTOS S.A.;PROVIN;0;nao;sim;-3,951926;-38,463385;RUA JOSE MARIA ASSUNCAO PIRES, S/N, CAMARA, Caucaia, 61700-000, Brasil;ok
2304954;Guaiúba;matriz;protocolo_na_rais;30670420000146;INTRAPACK INDUSTRIA E COMERCIO DE PLASTICO LTDA;INTRAPACK INDUSTRIA E COMERCIO DE PLASTICO LTDA;PROVIN;48;sim;sim;-4,0603625;-38,6383246;RODOVIA CE 060, SN, DISTRITO INDUSTRIAL DE GUAIUBA, Guaiúba, 61890-000, Brasil;ok
2307650;Maracanaú;matriz;protocolo_na_rais;31037833000150;KANAFLEX DO NORDESTE INDUSTRIA E COMERCIO LTDA;KANAFLEX DO NORDESTE INDUSTRIA E COMERCIO LTDA;PROVIN;34;sim;sim;-3,8699668;-38,6146578;AVENIDA WILSON CAMURCA, 650, LETRA A, DISTRITO INDUSTRIAL I, Maracanaú, 61939-000, Brasil;ok
2304400;Fortaleza;matriz;protocolo_na_rais;32392393000112;MAXCO COMERCIAL DE PRODUTOS DE ESCRITORIO LTDA;MAXCO COMERCIAL DE PRODUTOS DE ESCRITÓRIO LTDA;PCDM;4;sim;sim;-3,7228011;-38,5184106;RUA JOSE AVELINO, 566, PRAIA DE IRACEMA, Fortaleza, 60060-360, Brasil;ok
2307304;Juazeiro do Norte;matriz;protocolo_sem_rais;32988630000102;ZANATTA INDUSTRIA E COMERCIO DE CALCADOS LTDA;ZANATTA INDUSTRIA E COMERCIO DE CALCADOS LTDA;PROVIN;0;nao;sim;-7,238609;-39,294694;RUA CICERO SOARES DA SILVA, 350, CAMPO ALEGRE, Juazeiro do Norte, 63049-373, Brasil;ok
2304285;Eusébio;matriz;protocolo_na_rais;33011971000196;LABOTRAT INDUSTRIA DE COSMETICOS LTDA;LABOTRAT INDÚSTRIA DE COSMÉTICOS LTDA;PROVIN;226;sim;sim;-3,8572261;-38,4514489;ESTRADA DO FIO, 6705, OLHO D'AGUA, Eusébio, 61775-880, Brasil;ok
2304400;Fortaleza;filial;protocolo_na_rais;33089180000260;PRLV INDUSTRIA DE SUPLEMENTOS ALIMENTARES LTDA;PRLV INDUSTRIA DE SUPLEMENTOS ALIMENTARES LTDA;PROVIN;57;sim;sim;-3,8079656;-38,468942;AVENIDA MAESTRO LISBOA, 1263, JOSE DE ALENCAR, Fortaleza, 60830-185, Brasil;ok
2304285;Eusébio;filial;protocolo_na_rais;33561853000585;DANCOR S A INDUSTRIA MECANICA;DANCOR S/A IND MECANICA;PROVIN;18;sim;sim;-3,8407813;-38,4299627;RUA CORONEL EDNARDO WEYNE, 411, MANGABEIRA, Eusébio, 61760-970, Brasil;ok
2307650;Maracanaú;matriz;protocolo_na_rais;34319752000131;INDUSTRIAL RIGEL DO BRASIL LTDA;INDUSTRIAL RIGEL DO BRASIL EIRELI;PROVIN;30;sim;sim;-3,8327618;-38,6099231;RUA PEDRO NOLASCO TEIXEIRA DE FREITAS, 1185, MOD 6 7 E 8, SENADOR JOSE AFONSO SANCHO, Maracanaú, 61921-525, Brasil;ok
2310209;Paracuru;matriz;protocolo_sem_rais;34705999000196;FYBER FABRICAÇÃO DE VEÍCULOS AUTOMOTORES LTDA;FYBER FABRICAÇÃO DE VEÍCULOS AUTOMOTORES LTDA;PROVIN;0;nao;sim;-3,4879;-39,064665;RODOVIA CE 341, 559, BOI MORTO, Paracuru, 62680-000, Brasil;ok
2307650;Maracanaú;matriz;protocolo_na_rais;35029057000106;CERAMICA BRASILEIRA CERBRAS LTDA;CERAMICA BRASILEIRA CERBRAS LTDA;PROADE;1264;sim;sim;-3,854463;-38,620381;RUA DE JOSE TARCISIO MOTA SA, 1333, DISTRITO INDUSTRIAL III, Maracanaú, 61931-070, Brasil;ok
2304509;Frecheirinha;filial;filial_mesma_raiz;35029057000602;CERAMICA BRASILEIRA CERBRAS LTDA;;;25;sim;nao;-3,756406;-40,817065;SITIO CORREDOR, S/N, FRECHEIRINHA, Frecheirinha, 62340-000, Brasil;ok
2312205;Santa Quitéria;filial;filial_mesma_raiz;35029057001170;CERAMICA BRASILEIRA CERBRAS LTDA;;;1;sim;nao;-4,582;-40,155;FAZENDA CRUZ OESTE, SN, ZONA RURAL, Santa Quitéria, 62280-000, Brasil;falha
2313401;Tianguá;filial;filial_mesma_raiz;35029057001250;CERAMICA BRASILEIRA CERBRAS LTDA;;;34;sim;nao;-3,733961;-40,998573;SITIO VIRACAO, SN, ZONA RURAL, Tianguá, 62320-970, Brasil;ok
2307650;Maracanaú;matriz;protocolo_na_rais;35092238000179;FORTEX INDUSTRIA QUIMICA LTDA;FORTEX INDUSTRIA QUIMICA LTDA;PROVIN;111;sim;sim;-3,854463;-38,620381;RODOVIA ANEL VIARIO (KILOMETRO 9,5), 1515, DISTRITO INDUSTRIAL III, Maracanaú, 61930-220, Brasil;ok
2312601;São Luís do Curu;matriz;protocolo_na_rais;35193720000103;IPVC INDUSTRIA DE PAPELAO LTDA;IPVC INDUSTRIA DE PAPELAO LTDA;PROVIN;117;sim;sim;-3,68756;-39,22325;ESTRADA MELANCIA DOS TABOSAS, SN, FAZENDA MELANCIA, ZONA RURAL, São Luís do Curu, 62665-000, Brasil;ok
2307650;Maracanaú;matriz;protocolo_na_rais;35229640000152;FROSTY PRODUTOS ALIMENTICIOS LTDA;FROSTY PRODUTOS ALIMENTÍCIOS LTDA;PROVIN;379;sim;sim;-3,8680643;-38,6174901;AVENIDA WILSON CAMURCA, 2600, DISTRITO INDUSTRIAL I, Maracanaú, 61939-000, Brasil;ok
2307304;Juazeiro do Norte;filial;filial_mesma_raiz;35229640000667;FROSTY PRODUTOS ALIMENTICIOS LTDA;;;18;sim;nao;-7,2274247;-39,3476585;AVENIDA PADRE CICERO, 4255, KM 05 QJ L5B.7, SAO JOSE, Juazeiro do Norte, 63024-010, Brasil;ok
2309607;Pacajus;filial;filial_mesma_raiz;35229640001043;FROSTY PRODUTOS ALIMENTICIOS LTDA;;;3;sim;nao;-4,175347;-38,471112;RUA TABELIAO JOSE GAMA FILHO, 540, LOJA 04, CENTRO, Pacajus, 62870-000, Brasil;ok
2307650;Maracanaú;filial;filial_mesma_raiz;35229640002015;FROSTY PRODUTOS ALIMENTICIOS LTDA;;;13;sim;nao;-3,8632262;-38,5894832;RUA SAO MATEUS, 44, PAJUCARA, Maracanaú, 61932-290, Brasil;ok
2307650;Maracanaú;filial;filial_mesma_raiz;35229640004069;FROSTY PRODUTOS ALIMENTICIOS LTDA;;;6;sim;nao;-3,8680643;-38,6174901;AVENIDA WILSON CAMURCA, 2600, LETRA B, DISTRITO INDUSTRIAL I, Maracanaú, 61939-000, Brasil;ok
2312908;Sobral;filial;filial_mesma_raiz;35229640004654;FROSTY PRODUTOS ALIMENTICIOS LTDA;;;31;sim;nao;-3,706392;-40,343721;AVENIDA MONSENHOR JOSE ALOISIO PINTO, 1282, GALPAOPONTO 01, CIDADE GERARDO CRISTINO DE MENEZES, Sobral, 62051-225, Brasil;ok
2312908;Sobral;matriz;protocolo_na_rais;35976832000122;INDUSTRIA E COMERCIO DE METAIS SPINDOLA LTDA;INDUSTRIA E COMERCIO DE METAIS SPINDOLA EIRELI;PROVIN;13;sim;sim;-3,70256;-40,367076;RODOVIA BR-222, 3105, DISTRITO INDUSTRIAL, Sobral, 62053-105, Brasil;ok
2307650;Maracanaú;matriz;protocolo_na_rais;36336372000130;ALFPACK INDUSTRIA E COMERCIO DE EMBALAGENS LTDA;ALFPACK INDUSTRIA E COMERCIO DE EMBALAGENS LTDA;PROVIN;50;sim;sim;-3,865;-38,618;TRAVESSA FRANCISCO MARROCOS PORTELA, 1161, GALPAOC 01, ALTO ALEGRE I, Maracanaú, 61922-120, Brasil;falha
2307304;Juazeiro do Norte;matriz;protocolo_na_rais;36573109000165;JUACO INDUSTRIAL LTDA;JUACO INDUSTRIAL LTDA;PROVIN;38;sim;sim;-7,224012;-39,305515;RUA ARISMAR EUCLIDES ARARUNA, 200, CIDADE UNIVERSITARIA, Juazeiro do Norte, 63048-187, Brasil;ok
2305233;Horizonte;matriz;protocolo_na_rais;36818518000184;INDUSTRIA DE ALIMENTOS SER BEM LTDA;INDUSTRIA DE ALIMENTOS SER BEM LTDA;PROVIN;17;sim;sim;-4,0932;-38,492474;RUA SAO PADRE PIO, 301, ZUMBI, Horizonte, 62882-185, Brasil;ok
2307809;Marco;matriz;protocolo_na_rais;37119657000182;VIA COCO AGROINDUSTRIAL LTDA;VIA COCO AGROINDUSTRIAL LTDA;PROVIN;62;sim;sim;-3,125;-40,148;RODOVIA BR 402, S/N, KM 185, TRIANGULO DO MARCO, Marco, 62560-000, Brasil;falha
2304707;Granja;matriz;protocolo_na_rais;37170760000157;AGUIAR INDUSTRIA E COMERCIO DE ACO LTDA;AGUIAR INDÚSTRIA E COMÉRCIO DE AÇO LTDA;PROVIN;33;sim;sim;-3,1181263;-40,8379797;RUA DEPUTADO CARVALHO ROCHA, 614, CAMPO DE AVIACAO, Granja, 62430-000, Brasil;ok
2304707;Granja;filial;filial_mesma_raiz;37170760000238;AGUIAR INDUSTRIA E COMERCIO DE ACO LTDA;;;4;sim;nao;-3,1181263;-40,8379797;RUA DEPUTADO CARVALHO ROCHA, 617, CAMPO DE AVIACAO, Granja, 62430-000, Brasil;ok
2304285;Eusébio;matriz;protocolo_sem_rais;38185913000100;ROCKET DO NORDESTE COMÉRCIO DE PEÇAS E CICLOMOTORES LTDA;ROCKET DO NORDESTE COMÉRCIO DE PEÇAS E CICLOMOTORES LTDA;PCDM;0;nao;sim;-3,862684;-38,458724;AVENIDA JOSE MORAIS DE ALMEIDA, 373A, LOTE 03 04 05 06 Q-10, COACU, Eusébio, 61771-550, Brasil;ok
2307304;Juazeiro do Norte;matriz;protocolo_na_rais;38541972000166;VITORIA INDUSTRIA E COMERCIO DE CALCADOS LTDA;VITORIA INDUSTRIA E COMERCIO DE CALCADOS LTDA;PROVIN;52;sim;sim;-7,224012;-39,305515;RUA AMANCIO FERNANDES FILHO, 100, PLANALTO, Juazeiro do Norte, 63047-230, Brasil;ok
2303006;Caridade;matriz;protocolo_na_rais;39253979000145;TECSHOES LATINOAMERICA INDUSTRIA DE CALCADOS LTDA;TECSHOES LATINOAMERICA INDUSTRIA DE CALCADOS LTDA;PROVIN;424;sim;sim;-4,229515;-39,192701;RUA TOMAS CATUNDA, 277, CENTRO, Caridade, 62730-000, Brasil;ok
2312403;São Gonçalo do Amarante;matriz;protocolo_na_rais;41251355000130;SG PRE-MOLDADOS LTDA.;SG PRE-MOLDADOS LTDA;PROVIN;9;sim;sim;-3,4879;-39,064665;RODOVIA CE 341, SN, KM 29,5, São Gonçalo do Amarante, 62670-000, Brasil;ok
2304400;Fortaleza;matriz;protocolo_na_rais;41426487000156;SANGATI BERGA S/A;SANGATI BERGA S/A;PROVIN;375;sim;sim;-3,727003;-38,576975;TRAVESSA SANGATI, 101, ALVARO WEYNE, Fortaleza, 60340-494, Brasil;ok
2301000;Aquiraz;matriz;filial_mesma_raiz;41427337000167;MINERADORA DE AGUA LIMPIDA LTDA;;;19;sim;nao;-4,048693;-38,363069;RUA OITO, SN, LOTE OURO VERDE, CAPONGA DA BERNARDA, Aquiraz, 61700-000, Brasil;ok
2301000;Aquiraz;filial;protocolo_na_rais;41427337000400;MINERADORA DE AGUA LIMPIDA LTDA.;MINERADORA DE ÁGUA LÍMPIDA LTDA;PROVIN;61;sim;sim;-3,907198;-38,373718;RUA N.8 LOT OURO VERDE, SN, A, PARQUE OURO VERDE, Aquiraz, 61700-000, Brasil;ok
2302503;Brejo Santo;matriz;protocolo_na_rais;41553769000114;INDUSTRIA DE CAFE OJUARA LTDA;INDUSTRIA DE CAFE OJUARA LTDA;PROVIN;24;sim;sim;-7,486098;-38,983365;AVENIDA JOAO INACIO DE LUCENA, 1174, CENTRO, Brejo Santo, 63260-000, Brasil;ok
2304285;Eusébio;matriz;protocolo_na_rais;41632928000176;PROJEART INDUSTRIA DE ESTRUTURAS METALICAS LTDA;PROJEART INDUSTRIA DE ESTRUTURAS METALICAS LTDA;PROVIN;534;sim;sim;-3,8903614;-38,4547394;RUA EDUARDO SA, 465, JABUTI, Eusébio, 61766-730, Brasil;ok
2304285;Eusébio;filial;filial_mesma_raiz;41632928000257;PROJEART INDUSTRIA DE ESTRUTURAS METALICAS LTDA;;;7;sim;nao;-3,8631641;-38,4398852;RUA NEUSA DE FREITAS SA, S/N, JABUTI, Eusébio, 61766-790, Brasil;ok
2304285;Eusébio;filial;protocolo_na_rais;41632928000680;PROJEART INDUSTRIA DE ESTRUTURAS METALICAS LTDA;PROJEART INDÚSTRIA DE ESTRUTURAS METÁLICAS LTDA;PCDM;5;sim;sim;-3,8631641;-38,4398852;RUA NEUSA DE FREITAS SA, S/N, JABUTI, Eusébio, 61766-790, Brasil;ok
2307650;Maracanaú;matriz;protocolo_na_rais;42340749000128;ADVENTURES OFF ROAD EMPREENDIMENTOS AUTOMOTIVOS S/A;ADVENTURES OFF ROAD EMPREENDIMENTOS AUTOMOTIVOS S.A.;PROVIN;1;sim;sim;-3,874;-38,631;RUA CENTRAL-3, 576, GALPAOIND. BLOCO BL-B2, DISTRITO INDUSTRIAL I, Maracanaú, 61939-070, Brasil;falha
2304954;Guaiúba;matriz;protocolo_na_rais;42954210000169;TOPAZIO INDUSTRIA DO CEARA LTDA;TOPAZIO INDÚSTRIA DO CEARÁ LTDA;PROVIN;184;sim;sim;-4,041;-38,638;RUA LOCALIDADE DE MATA FRESCA,, SN, RODOVIA CE 060, MATA FRESCA, Guaiúba, 61890-000, Brasil;falha
2313302;Tauá;matriz;protocolo_na_rais;43439191000103;QUINAMUIU INDUSTRIA S.A.;QUINAMUIU INDÚSTRIA S.A.;PROVIN;10;sim;sim;-5,9865413;-40,2656042;RODOVIA PRESIDENTE JUSCELINO KUBITSCHEK, 4250, P.I.V.B., Tauá, 63660-000, Brasil;ok
2307007;Jaguaruana;matriz;protocolo_na_rais;43663405000112;ZEFLEX INDUSTRIA DE COLCHOES LTDA;ZEFLEX INDUSTRIA DE COLCHOES LTDA;PROVIN;151;sim;sim;-4,842173;-37,784831;TRAVESSA 13 DE MAIO, 1176, CENTRO, Jaguaruana, 62823-000, Brasil;ok
2301901;Barbalha;matriz;protocolo_na_rais;44359619000162;JMS INDUSTRIA DE EMBALAGENS LTDA;JOSE MARCIO SALVIANO INDUSTRIA DE EMBALAGENS LTDA;PROVIN;45;sim;sim;-7,3121606;-39,3100752;AVENIDA DOUTOR ANTONIO LYRIO CALLOU, 41, SITIO LAMBEDOR KM 03, TUPINAMBA, Barbalha, 63091-215, Brasil;ok
2307304;Juazeiro do Norte;matriz;protocolo_na_rais;44673123000169;TROPIMAX INDUSTRIA E COMERCIO DE CALCADOS LTDA;TROPIMAX INDUSTRIA E COMERCIO DE CALCADOS LTDA;PROVIN;125;sim;sim;-7,2280236;-39,3385325;RUA FRANCISCO MARTINS DE SOUZA, 137, TRIANGULO, Juazeiro do Norte, 63041-135, Brasil;ok
2307650;Maracanaú;matriz;protocolo_na_rais;45948091000120;ASC INDUSTRIA E COMERCIO DE COLCHOES E ESPUMAS LTDA;ASC INDÚSTRIA E COMÉRCIO DE COLCHÕES E ESPUMAS LTDA;PROVIN;40;sim;sim;-3,8614381;-38,6161469;AVENIDA MANOEL MOREIRA LIMA, 680, JENIPAPEIRO, Maracanaú, 61906-010, Brasil;ok
2304954;Guaiúba;filial;filial_mesma_raiz;45948091000200;ASC INDUSTRIA E COMERCIO DE COLCHOES E ESPUMAS LTDA;;;27;sim;nao;-4,043507;-38,636433;RODOVIA 060 KM 26, S/N, QUADRA4, UNIDADE 1, Guaiúba, 61890-000, Brasil;ok
2306256;Itaitinga;filial;protocolo_na_rais;46325254001152;GRANDFOOD INDUSTRIA E COMERCIO LTDA;GRANDFOOD INDÚSTRIA E COMÉRCIO LTDA;PCDM;17;sim;sim;-3,892;-38,512;RODOVIA QUARTO ANEL VIARIO, 3955, GALPAO2 MODULOS 08 E 09, ANCURI, Itaitinga, 61886-170, Brasil;falha
2302503;Brejo Santo;matriz;protocolo_na_rais;46343808000172;DY INDUSTRIA TEXTIL LTDA;DY INDÚSTRIA TÊXTIL LTDA;PROVIN;2;sim;sim;-7,489;-38,988;AVENIDA JOSE AMARO, 556, PEDRO NICODEMOS, Brejo Santo, 63260-000, Brasil;falha
2301307;Araripe;matriz;protocolo_na_rais;46883472000130;MAZZUCO INDUSTRIA DE DERIVADOS DA MANDIOCA LTDA;MAZZUCO INDÚSTRIA DE DERIVADOS DA MANDIOCA LTDA;PROVIN;15;sim;sim;-7,218;-40,138;FAZENDA JOAO ALMINO, SN, SERRA DO PAJEU, Araripe, 63170-000, Brasil;falha
2304285;Eusébio;matriz;protocolo_na_rais;47191233000182;PERFIL INDUSTRIA DE CADERNOS LTDA;PERFIL INDUSTRIA DE CADERNOS LTDA;PROVIN;79;sim;sim;-3,8941487;-38,4652121;RUA JOAO PAULO II, 33, AUTODROMO, Eusébio, 61763-820, Brasil;ok
2307650;Maracanaú;matriz;protocolo_na_rais;47726693000168;INDUSTRIAL TINTAS LUX LTDA;INDUSTRIAL TINTAS LUX LTDA;PROVIN;13;sim;sim;-3,857487;-38,577607;RUA ELIZIARIO DIOGENS, 833, PAJUCARA, Maracanaú, 61932-175, Brasil;ok
2304285;Eusébio;matriz;protocolo_na_rais;48101031000165;SOU TECH DISTRIBUIDORA, COMERCIO DE PRODUTOS ELETRONIC;SOU TECH DISTRIBUIDORA, COMERCIO DE PRODUTOS ELETRONICOS LTDA;PCDM;3;sim;sim;-3,897829;-38,500405;RUA PAULO AMARAL, S/N, QUADRAPARTES 17 E 20, SANTO ANTONIO, Eusébio, 61767-690, Brasil;ok
2306405;Itapipoca;matriz;protocolo_na_rais;48321315000167;MCMA INDUSTRIA DISTRIBUICAO IMPORTACAO E EXPORTACAO LT;MCMA INDÚSTRIA DISTRIBUIÇÃO IMPORTAÇÃO E EXPORTAÇÃO LTDA;PROVIN;6;sim;sim;-3,492939;-39,573556;RUA PRINCIPAL PV LAGOA DAS MERCES, S/N, BELA VISTA, Itapipoca, 62510-000, Brasil;ok
2312403;São Gonçalo do Amarante;filial;protocolo_na_rais;48379838000326;ESPUGUM INDUSTRIA E COMERCIO LTDA;ESPUGUM INDUSTRIA E COMERCIO LTDA;PROVIN;97;sim;sim;-3,6156783;-38,9634348;RUA PAULO CESAR SOARES, 100, ALTO DO VINTEM, São Gonçalo do Amarante, 62670-000, Brasil;ok
2310258;Paraipaba;matriz;protocolo_na_rais;48777299000111;COCO LITORANEO INDUSTRIA E COMERCIO LTDA;COCO LITORÂNEO INDÚSTRIA E COMÉRCIO LTDA;PROVIN;88;sim;sim;-3,513619;-38,895677;RUA CENTRO GERENCIAL DO DNOCS, S/N, B, ZONA RURAL, Paraipaba, 62685-000, Brasil;ok
2301000;Aquiraz;filial;protocolo_na_rais;49324221000880;FRESENIUS KABI BRASIL LTDA.;FRESENIUS KABI BRASIL LTDA;PROADE;813;sim;sim;-3,907198;-38,373718;RODOVIA CE 040, SN, KM 10, JACUNDA, Aquiraz, 61700-000, Brasil;ok
2301000;Aquiraz;filial;protocolo_na_rais;49324221001500;FRESENIUS KABI BRASIL LTDA.;FRESENIUS KABI BRASIL LTDA;PCDM;11;sim;sim;-3,951673;-38,385316;RODOVIA CE 040, S/N, KM 10 GALPAO01, JACUNDA, Aquiraz, 61700-996, Brasil;ok
2304400;Fortaleza;matriz;protocolo_na_rais;51881650000124;TOSCANA CERVEJARIA LTDA;TOSCANA CERVEJARIA LTDA;PROVIN;10;sim;sim;-3,816489;-38,4509361;AVENIDA RECREIO, 1210, LAGOA REDONDA, Fortaleza, 60831-600, Brasil;ok
2302602;Camocim;filial;protocolo_na_rais;52241635002047;DEMOCRATA CALCADOS E ARTEFATOS DE COURO LTDA;DEMOCRATA CALCADOS E ARTEFATOS DE COURO LTDA;PROVIN;998;sim;sim;-2,90466;-40,850134;RUA ANTONIO ZEFERINO VERAS, 143, SAO FRANCISCO, Camocim, 62400-000, Brasil;ok
2312205;Santa Quitéria;filial;protocolo_na_rais;52241635002128;DEMOCRATA CALCADOS E ARTEFATOS DE COURO LTDA;DEMOCRATA CALCADOS E ARTEFATOS DE COURO LTDA;PROVIN;1945;sim;sim;-4,32032;-40,153134;AVENIDA MELQUIADES MOURAO,, 2100, GALPAO01 E 02, DR AFONSO WALTER MAGALHAES PINTO, Santa Quitéria, 62280-000, Brasil;ok
2312908;Sobral;filial;protocolo_na_rais;52241635002713;DEMOCRATA CALCADOS E ARTEFATOS DE COURO LTDA;DEMOCRATA CALCADOS E ARTEFATOS DE COURO LTDA;PROADE;298;sim;sim;-3,70256;-40,367076;RODOVIA BR-222, 2977, GALPAON. 02, DISTRITO INDUSTRIAL, Sobral, 62053-105, Brasil;ok
2307650;Maracanaú;matriz;protocolo_na_rais;52247303000107;VPX EMBALAGENS DO BRASIL LTDA;VPX EMBALAGENS DO BRASIL LTDA;PROVIN;47;sim;sim;-3,854463;-38,620381;AVENIDA MARIA HOSANA MATOS LIMA, 2179, A, DISTRITO INDUSTRIAL I, Maracanaú, 61939-130, Brasil;ok
2304202;Crato;matriz;protocolo_na_rais;52367400000133;PREMIUM INDUSTRIA DE VIDROS E ALUMINIO LTDA;PREMIUM INDUSTRIA DE VIDROS E ALUMINO LTDA;PROVIN;55;sim;sim;-7,2274247;-39,3476585;AVENIDA PADRE CICERO, 3300, SAO JOSE, Crato, 63133-830, Brasil;ok
2302503;Brejo Santo;matriz;protocolo_na_rais;53144674000126;ELASTOMER NORDESTE INDUSTRIA DE ARTEFATOS DE BORRACHA;ELASTOMER NORDESTE INDÚSTRIA DE ARTEFATOS DE BORRACHA LTDA;PROVIN;209;sim;sim;-7,494353;-38,988165;RUA MANOEL INACIO DE LUCENA, 81, CENTRO, Brejo Santo, 63260-000, Brasil;ok
2311405;Quixeramobim;matriz;protocolo_na_rais;53859324000146;BP CEARA LTDA;BP CEARÁ LTDA;PROVIN;43;sim;sim;-5,194479;-39,294006;RUA JURANDIR FERREIRA, 201, LUIS ALMEIDA, Quixeramobim, 63800-000, Brasil;ok
2307650;Maracanaú;filial;protocolo_na_rais;55064562002134;MAQUINAS AGRICOLAS JACTO S A;MAQUINAS AGRICOLAS JACTO S A;PROVIN;55;sim;sim;-3,8515204;-38,6007489;AVENIDA PARQUE OESTE, 2721, DISTRITO INDUSTRIAL I, Maracanaú, 61939-120, Brasil;ok
2304400;Fortaleza;filial;protocolo_na_rais;55183248001956;FORMILINE INDUSTRIA DE LAMINADOS LTDA;FORMILINE INDUSTRIA DE LAMINADOS LTDA;PCDM;2;sim;sim;;;;ignorado_endereco_insuficiente
2301000;Aquiraz;filial;protocolo_sem_rais;55395134000221;FLAVOR KING COMÉRCIO, IMPORTAÇÃO E EXPORTAÇÃO DE ALIMENTOS LTDA;FLAVOR KING COMÉRCIO, IMPORTAÇÃO E EXPORTAÇÃO DE ALIMENTOS LTDA;PCDM;0;nao;sim;-3,879;-38,481;AVENIDA PALMEIRA DOS INDIOS, 2222, SALA-A, PEDRAS, Aquiraz, 60874-410, Brasil;falha
2303709;Caucaia;matriz;protocolo_sem_rais;56237277000197;TSA TECNOLOGIA EM SUSPENSÃO AUTOMOTIVA LTDA;TSA TECNOLOGIA EM SUSPENSÃO AUTOMOTIVA LTDA;PROVIN;0;nao;sim;-3,716167;-38,667422;RODOVIA BR-222, SN, KM 17, GENIPABU, Caucaia, 61616-000, Brasil;ok
2312403;São Gonçalo do Amarante;filial;protocolo_na_rais;56992951000572;DSM PRODUTOS NUTRICIONAIS BRASIL S.A.;DSM PRODUTOS NUTRICIONAIS BRASIL S/A;PROVIN;116;sim;sim;-3,600157;-38,961418;RODOVIA CE 422, KM12,6, QUADRA A8 LOTES 4 E 6, COMPLEXO DO PECEM, São Gonçalo do Amarante, 62670-000, Brasil;ok
2303709;Caucaia;matriz;protocolo_na_rais;57958785000127;MECOR COMERCIO E IMPORTACAO LTDA;MECOR COMÉRCIO E IMPORTAÇÃO LTDA;PCDM;7;sim;sim;-3,713881;-38,678921;RODOVIA ESTRUTURANTE - CE 085, 3100, QUADRA0023, ITAPOA, Caucaia, 61606-505, Brasil;ok
2307650;Maracanaú;matriz;protocolo_sem_rais;60360327000104;CANINANA DISTRIBUIDORA DE MOTOPEÇAS LTDA;CANINANA DISTRIBUIDORA DE MOTOPEÇAS LTDA;PCDM;0;nao;sim;-3,8398239;-38,642255;RUA TANCREDO NEVES, 45, JACANAU, Maracanaú, 61915-055, Brasil;ok
2309706;Pacatuba;filial;protocolo_na_rais;61064838013111;SAINT-GOBAIN DO BRASIL PRODUTOS INDUSTRIAIS E PARA CON;SAINT-GOBAIN DO BRASIL PRODUTOS INDUSTRIAIS E PARA CONSTRUÇÃO LTDA.;PROVIN;40;sim;sim;-4,002995;-38,621957;AVENIDA GOVERNADOR FAUSTINO DE ALBUQUERQUE, 2303, SAO BENTO, Pacatuba, 61800-100, Brasil;ok
2307650;Maracanaú;filial;protocolo_na_rais;61149886000809;SCALINA LTDA;SCALINA LTDA;PROVIN;315;sim;sim;-3,854463;-38,620381;AVENIDA MARIA HOSANA MATOS LIMA, 200, DISTRITO INDUSTRIAL I, Maracanaú, 61939-130, Brasil;ok
2307809;Marco;matriz;protocolo_na_rais;63296818000113;OSTERNO AMBIENTACOES;INTERCORP INDUSTRIA E COMERCIO DE MOVEIS LTDA.;PROVIN;58;sim;sim;-3,120879;-40,152181;AVENIDA PREFEITO GUIDO OSTERNO, 1010, CENTRO, Marco, 62560-000, Brasil;ok
2307007;Jaguaruana;matriz;protocolo_na_rais;63302376000170;JAGUATEXTIL JAGUARUANA TEXTIL LTDA;JAGUATEXTIL JAGUARUANA TEXTIL LTDA;PROVIN;82;sim;sim;-4,851611;-37,803407;RUA JOSE DE ALMEIDA, 2400, SITIO CARDEAIS, Jaguaruana, 62823-000, Brasil;ok
2304285;Eusébio;matriz;protocolo_na_rais;63310411000101;TRES CORACOES ALIMENTOS S.A.;TRÊS CORAÇÕES ALIMENTOS S.A.;PROVIN;1447;sim;sim;-3,8686962;-38,485497;RUA SANTA CLARA, 100, SANTA CLARA, Eusébio, 61768-300, Brasil;ok
2304285;Eusébio;filial;filial_mesma_raiz;63310411002732;TRES CORACOES ALIMENTOS S.A.;;;17;sim;nao;-3,8686962;-38,485497;RUA SANTA CLARA, 107, SANTA CLARA, Eusébio, 61768-300, Brasil;ok
2301901;Barbalha;filial;filial_mesma_raiz;63310411003208;TRES CORACOES ALIMENTOS S.A.;;;21;sim;nao;-7,277809;-39,322252;AVENIDA DOUTOR LEAO SAMPAIO, 5267, MATA DOS LIMAS, Barbalha, 63094-064, Brasil;ok
2304400;Fortaleza;matriz;protocolo_na_rais;69363174000115;NUTERAL INDUSTRIA DE FORMULACOES NUTRICIONAIS LTDA;NUTERAL INDUSTRIA DE FORMULAÇÕES NUTRICIONAIS LTDA;PROVIN;13;sim;sim;-3,819686;-38,503988;RUA ROSITA, 80, BARROSO, Fortaleza, 60862-810, Brasil;ok
2301000;Aquiraz;matriz;protocolo_na_rais;69366433000161;FLOEMA COSMETICOS E PRODUTOS NATURAIS LTDA;FLOEMA INDUSTRIA DE PRODUTOS NATURAIS LTDA;PROVIN;67;sim;sim;-3,9;-38,41667;LOTEAMENTO LOTEAMENTO VILLAGE DO EUZEBIO, S/N, ., PINDOBA, Aquiraz, 61700-000, Brasil;ok
2307650;Maracanaú;matriz;protocolo_na_rais;72273436000165;ISOPLAST INDUSTRIA E COMERCIO DE PLASTICOS LTDA;ISOPLAST INDUSTRIA E COMERCIO DE PLASTICOS LTDA;PROVIN;496;sim;sim;-3,854463;-38,620381;RUA FRANCISCO IVENS DE SA DIAS BRANCO, 251, DISTRITO INDUSTRIAL I, Maracanaú, 61939-150, Brasil;ok
2312908;Sobral;matriz;protocolo_na_rais;72347149000152;MSG INDUSTRIA E COMERCIO DE ALIMENTOS LTDA;MSG INDUSTRIA E COMERCIO DE ALIMENTOS LTDA;PROVIN;78;sim;sim;-3,6847877;-40,3371261;RUA JOCELY DANTAS DE ANDRADE TORRES, 905, DISTRITO INDUSTRIAL, Sobral, 62053-075, Brasil;ok
2305233;Horizonte;matriz;protocolo_na_rais;72418478000147;SANTANA TEXTIL S/A;SANTANA TEXTIL S/A;PROADE;1159;sim;sim;-4,1073242;-38,4923328;AVENIDA PRESIDENTE CASTELO BRANCO, 2015, ROD. BR 116, MAL COZINHADO, Horizonte, 62880-875, Brasil;ok
2304400;Fortaleza;filial;filial_mesma_raiz;72418478000228;SANTANA TEXTIL S/A - EM;;;72;sim;nao;-3,7648222;-38,5522689;RUA EUSEBIO DE QUEIROS, 1001, MONTESE, Fortaleza, 60410-224, Brasil;ok
2303709;Caucaia;matriz;filial_mesma_raiz;73554537000177;CARROPEL CARROCERIAS PERY INDUSTRIA COMERCIO E REPRESE;;;2;sim;nao;-3,765463;-38,631871;RODOVIA ANEL VIARIO, 2000A, KM 22, NOVA METROPOLE (JUREMA), Caucaia, 61659-800, Brasil;ok
2303709;Caucaia;filial;protocolo_na_rais;73554537000258;CARROPEL CARROCERIAS PERY INDUSTRIA COM E REPRES LTDA;CARROPEL CARR0CERIAS PERY INDUSTRIA, COMERCIO E REPRESENTAÇÕES LTDA;PROVIN;21;sim;sim;-3,7978131;-38,644767;RODOVIA QUARTO ANEL VIARIO, 2000, KM 22, URUCUTUBA, Caucaia, 61660-040, Brasil;ok
2307809;Marco;matriz;protocolo_na_rais;73584245000187;MADRESSILVA IND.E COM.DE MOVEIS LTDA.;MADRESILVA INDUSTRIA DE MOVEIS LTDA;PROVIN;182;sim;sim;-3,12;-40,142;RODOVIA BR 402, SN, KM 14.1 BAIXA DO MEIO, ZONA RURAL, Marco, 62560-000, Brasil;falha
2307809;Marco;filial;filial_mesma_raiz;73584245000691;MADRESILVA INDUSTRIA DE MOVEIS LTDA;;;5;sim;nao;-3,142182;-40,08535;RODOVIA BR 402, SN, KM 14.1 BAIXA DO MEIO GALPAO4, ZONA RURAL, Marco, 62560-000, Brasil;ok
2307650;Maracanaú;matriz;protocolo_na_rais;73770273000199;ROMAZI COMERCIO E INDUSTRIA DE PLASTICOS LTDA ME;ROMAZI COMERCIO E INDUSTRIA DE PLASTICOS LTDA;PROVIN;271;sim;sim;-3,842814;-38,63106;RUA JOAO BEZERRA CAMPOS, 55, Q112P5E6Q113P123, PARQUE TIJUCA, Maracanaú, 61917-480, Brasil;ok
2303709;Caucaia;filial;protocolo_na_rais;75801902002927;ROCA SANITARIOS BRASIL LTDA;ROCA SANITARIOS BRASIL LTDA;PROVIN;305;sim;sim;-3,683874;-38,912145;RODOVIA CE-422, SN, KM 3 - PARTE, CATUANA, Caucaia, 61680-000, Brasil;ok
2311405;Quixeramobim;filial;protocolo_na_rais;87439626000420;ZAHONERO INDUSTRIA E COMERCIO DE ESPUMAS LTDA;ZAHONERO INDÚSTRIA E COMÉRCIO DE ESPUMAS LTDA;PROVIN;50;sim;sim;-5,201;-39,298;RUA FRANCISCO INOCENCIO DE AZEVEDO, 105, EDMILSON CORREIA, Quixeramobim, 63800-000, Brasil;falha
2305233;Horizonte;filial;protocolo_na_rais;89637490016815;KLABIN S.A.;KLABIN S.A.;PROVIN;221;sim;sim;-4,0931857;-38,4961332;AVENIDA PRESIDENTE CASTELO BRANCO, 1145, CATU, Horizonte, 62881-315, Brasil;ok
2312908;Sobral;matriz;protocolo_na_rais;89850341000160;GRENDENE S/A;GRENDENE S/A;PROADE;10608;sim;sim;-3,673332;-40,34379;AVENIDA PIMENTEL GOMES, 214, EXPECTATIVA, Sobral, 62040-125, Brasil;ok
2304400;Fortaleza;filial;protocolo_na_rais;89850341001484;GRENDENE S A;GRENDENE S/A;PROADE;1367;sim;sim;-3,7063784;-38,5843295;RUA CANDIDO CASTELO BRANCO, 865, BARRA DO CEARA, Fortaleza, 60332-170, Brasil;ok
2304202;Crato;filial;protocolo_na_rais;89850341001646;GRENDENE S A;GRENDENE S/A;PROADE;2953;sim;sim;-7,2363838;-39,4289011;AVENIDA RIO GRANDE DO SUL, 136, FRANCA ALENCAR, Crato, 63114-000, Brasil;ok
2311801;Russas;matriz;protocolo_na_rais;90108184000109;WILAPLAST INDUSTRIA DE INJETADOS LTDA;WILAPLAST INDUSTRIA DE INJETADOS LTDA;PROVIN;5;sim;sim;-4,953015;-37,996233;RUA ALEXANDRE MARREIRO, 3787, KM 163, PITOMBEIRA II, Russas, 62901-810, Brasil;ok
2313302;Tauá;filial;protocolo_na_rais;91967067000317;BAKOF PLASTICOS LTDA;BAKOF PLÁSTICOS LTDA;PROVIN;39;sim;sim;-5,989467;-40,295361;RUA HELIO PEDROSA CASTELO, 2257, ALTO NELANDIA, Tauá, 63660-000, Brasil;ok
2311405;Quixeramobim;filial;protocolo_na_rais;94316999000983;ANIGER - CALCADOS, SUPRIMENTOS E EMPREENDIMENTOS LTDA.;ANIGER CALÇADOS SUPRIMENTOS E EMPREENDIMENTOS LTDA;PROADE;748;sim;sim;-5,188835;-39,285421;RUA GERALDO BIZARRIA DE CARVALHO, 22, A, POLO CALCADISTA, Quixeramobim, 63800-000, Brasil;ok
2311405;Quixeramobim;filial;filial_mesma_raiz;94316999001017;ANIGER - CALCADOS, SUPRIMENTOS E EMPREENDIMENTOS LTDA.;;;14;sim;nao;-5,188835;-39,285421;RUA GERALDO BIZARRIA DE CARVALHO, 22, POLO CALCADISTA, Quixeramobim, 63800-000, Brasil;ok
2311405;Quixeramobim;filial;filial_mesma_raiz;94316999001106;ANIGER - CALCADOS, SUPRIMENTOS E EMPREENDIMENTOS LTDA.;;;2;sim;nao;-5,188835;-39,285421;RUA GERALDO BIZARRIA DE CARVALHO, 1916, POLO CALCADISTA, Quixeramobim, 63800-000, Brasil;ok
2313302;Tauá;filial;filial_mesma_raiz;94316999001360;ANIGER - CALCADOS, SUPRIMENTOS E EMPREENDIMENTOS LTDA.;;;1;sim;nao;;;;ignorado_endereco_insuficiente
